Workbook

Sheet 每日必读
A1: 主题 | B1: 悟道
A2: 系统 | B2: 好的系统一定是适合自己的心态, 对你最大限度的抵抗心态波动, 好的心态是系统第一原则
B3: 不要想着一口吃胖, 一年中几次重仓必杀, 平时小机会积小成多, 就会让你的账户产生良性的复利, 这会使你的心态变的更加平稳
B4: 好的系统会让你大盘涨时你涨, 大盘跌时你小跌或不跌, 赚钱会变的很自然, 这都会让你更加自信
B5: 好的仓位控制会让你在回撤时也不让你难受, 这是一个很不错的心态控制方式(敢于低位空仓, 敢于高位满仓)
B6: 止损 - 不存在的, 果断卖出不确定就是最好的止损, 止损要简单, 越简单越好, 盈利全交给概率. 克服心理障碍是稳定止损的先决条件, 不要因为被套几个点就犹豫不决.
B7: 好的系统绝对会反应在你的账户上, 当你的账户出现良性曲线时一定要对自己进行总结
A8: 情绪 | B8: 时刻思考场内和场外的想法, 而不是抱怨, 要做情绪的追踪者
B9: 高手要借助市场的贪婪和恐慌反过来指导决策, 着眼点在整个市场
B10: 连板的增多就会出现追龙头效应
B11: 抄底反包的增多会出现追抄底效应
B12: 追热点如果出现赚钱效应, 那么就会出现追热点狂潮
A13: 主板 | B13: 主板 = 持续热度 + 持续赚钱效应
B14: 主板龙头是大盘风向标, 一定要时刻盯住
B15: 主板龙头到顶时, 板块热度尚在, 那么就会出现补涨龙
B16: 追板要看市场环境, 热点, 成交量, 价格, 当然最重要的是场内和场外人的心理变化
A17: 周期 | B17: 强势阶段 - 一定要选择最强(买龙头只是手段, 卖龙头才是高手)
B18: 初期(低吸止损) - 选择做强势股的回调反抽, 或者新热点. 强股形态尚未完全破坏, 市场仍有期待会有新高, 因此可以做回调的反抽
B19: 中期(低吸崩溃) - 选择做超跌股, 重点在时机, 一般是连续下跌一段后的再度猛跌时, 有部分买盘会推动超跌股进行一定的反弹, 也可以耐心等待不做任何动作
B20: 末期(追涨强势) - 符合主流热点有爆发力的强势股
B21: 阶段的判断本身就是一个动态的过程, 可能会有预判错误, 但是需要一定的策略来弥补过错
A22: 选股 | B22: 买股前, 一定要问自己假如你是空仓, 你会买它吗, 也许这时答案就会在眼前
B23: 买股一定要问自己能不能看到30%, 如果跌时敢不敢追. 选股一定要机会大于风险
B24: 大盘不好, 个股没有热点那么就不要买, 要买就买确定性
B25: 一个股的上涨一定要理解上涨原因, 若无法理解最好就不要碰
B26: 尾盘买股需要对第二天的预期热点持续性有判断
B27: 之后会有持续性的热点领导市场上涨, 选择符合主流热点又爆发力的强势股, 也许后市还有低点, 但是随着盘面的出现把筹码放到最有爆发力的个股上是很好的策略

Sheet 收益表
A1: 月份 | B1: 增量资金 | C1: 倍数1.1 | D1: 金额 | E1: 倍数1.15 | F1: 金额 | G1: 倍数1.2 | H1: 金额 | I1: 倍数1.25 | J1: 金额 | K1: 倍数1.3 | L1: 金额 | M1: 倍数1.35 | N1: 金额 | O1: 倍数1.4 | P1: 金额 | Q1: 倍数1.45 | R1: 金额
A2: 45658 | B2: 0 | C2: 1 | D2: 30000 | E2: 1 | F2: 30000 | G2: 1 | H2: 30000 | I2: 1 | J2: 30000 | K2: 1 | L2: 30000 | M2: 1 | N2: 30000 | O2: 1 | P2: 30000 | Q2: 1 | R2: 30000
A3: 45689 | B3: 0 | C3: 1.1 | D3: =$C$3*(D2+B3) -> 33000 | E3: 1.15 | F3: =$E$3*(F2+B3) -> 34500 | G3: 1.2 | H3: =$G$3*(H2+B3) -> 36000 | I3: 1.25 | J3: =$I$3*(J2+B3) -> 37500 | K3: 1.3 | L3: =$K$3*(L2+B3) -> 39000 | M3: 1.35 | N3: =$M$3*(N2+B3) -> 40500 | O3: 1.4 | P3: =$O$3*(P2+B3) -> 42000 | Q3: 1.45 | R3: =$Q$3*(R2+B3) -> 43500
A4: 45717 | B4: 0 | C4: =POWER($C$3,B88) -> 1.21 | D4: =$C$3*(D3+B4) -> 36300 | E4: =POWER($E$3,B88) -> 1.3225 | F4: =$E$3*(F3+B4) -> 39675 | G4: =POWER($G$3,B88) -> 1.44 | H4: =$G$3*(H3+B4) -> 43200 | I4: =POWER($I$3,B88) -> 1.5625 | J4: =$I$3*(J3+B4) -> 46875 | K4: =POWER($K$3,B88) -> 1.69 | L4: =$K$3*(L3+B4) -> 50700 | M4: =POWER($M$3,B88) -> 1.8225 | N4: =$M$3*(N3+B4) -> 54675 | O4: =POWER($O$3,B88) -> 1.96 | P4: =$O$3*(P3+B4) -> 58800 | Q4: =POWER($Q$3,B88) -> 2.1025 | R4: =$Q$3*(R3+B4) -> 63075
A5: 45748 | B5: 0 | C5: =POWER($C$3,B89) -> 1.331 | D5: =$C$3*(D4+B5) -> 39930 | E5: =POWER($E$3,B89) -> 1.520875 | F5: =$E$3*(F4+B5) -> 45626.25 | G5: =POWER($G$3,B89) -> 1.728 | H5: =$G$3*(H4+B5) -> 51840 | I5: =POWER($I$3,B89) -> 1.953125 | J5: =$I$3*(J4+B5) -> 58593.75 | K5: =POWER($K$3,B89) -> 2.197 | L5: =$K$3*(L4+B5) -> 65910 | M5: =POWER($M$3,B89) -> 2.460375 | N5: =$M$3*(N4+B5) -> 73811.25 | O5: =POWER($O$3,B89) -> 2.744 | P5: =$O$3*(P4+B5) -> 82320 | Q5: =POWER($Q$3,B89) -> 3.048625 | R5: =$Q$3*(R4+B5) -> 91458.75
A6: 45778 | B6: 0 | C6: =POWER($C$3,B90) -> 1.4641 | D6: =$C$3*(D5+B6) -> 43923 | E6: =POWER($E$3,B90) -> 1.7490063 | F6: =$E$3*(F5+B6) -> 52470.188 | G6: =POWER($G$3,B90) -> 2.0736 | H6: =$G$3*(H5+B6) -> 62208 | I6: =POWER($I$3,B90) -> 2.4414062 | J6: =$I$3*(J5+B6) -> 73242.188 | K6: =POWER($K$3,B90) -> 2.8561 | L6: =$K$3*(L5+B6) -> 85683 | M6: =POWER($M$3,B90) -> 3.3215063 | N6: =$M$3*(N5+B6) -> 99645.188 | O6: =POWER($O$3,B90) -> 3.8416 | P6: =$O$3*(P5+B6) -> 115248 | Q6: =POWER($Q$3,B90) -> 4.4205062 | R6: =$Q$3*(R5+B6) -> 132615.19
A7: 45809 | B7: 0 | C7: =POWER($C$3,B91) -> 1.61051 | D7: =$C$3*(D6+B7) -> 48315.3 | E7: =POWER($E$3,B91) -> 2.0113572 | F7: =$E$3*(F6+B7) -> 60340.716 | G7: =POWER($G$3,B91) -> 2.48832 | H7: =$G$3*(H6+B7) -> 74649.6 | I7: =POWER($I$3,B91) -> 3.0517578 | J7: =$I$3*(J6+B7) -> 91552.734 | K7: =POWER($K$3,B91) -> 3.71293 | L7: =$K$3*(L6+B7) -> 111387.9 | M7: =POWER($M$3,B91) -> 4.4840334 | N7: =$M$3*(N6+B7) -> 134521 | O7: =POWER($O$3,B91) -> 5.37824 | P7: =$O$3*(P6+B7) -> 161347.2 | Q7: =POWER($Q$3,B91) -> 6.4097341 | R7: =$Q$3*(R6+B7) -> 192292.02
A8: 45839 | B8: 0 | C8: =POWER($C$3,B92) -> 1.771561 | D8: =$C$3*(D7+B8) -> 53146.83 | E8: =POWER($E$3,B92) -> 2.3130608 | F8: =$E$3*(F7+B8) -> 69391.823 | G8: =POWER($G$3,B92) -> 2.985984 | H8: =$G$3*(H7+B8) -> 89579.52 | I8: =POWER($I$3,B92) -> 3.8146973 | J8: =$I$3*(J7+B8) -> 114440.92 | K8: =POWER($K$3,B92) -> 4.826809 | L8: =$K$3*(L7+B8) -> 144804.27 | M8: =POWER($M$3,B92) -> 6.0534451 | N8: =$M$3*(N7+B8) -> 181603.35 | O8: =POWER($O$3,B92) -> 7.529536 | P8: =$O$3*(P7+B8) -> 225886.08 | Q8: =POWER($Q$3,B92) -> 9.2941144 | R8: =$Q$3*(R7+B8) -> 278823.43
A9: 45870 | B9: 0 | C9: =POWER($C$3,B93) -> 1.9487171 | D9: =$C$3*(D8+B9) -> 58461.513 | E9: =POWER($E$3,B93) -> 2.6600199 | F9: =$E$3*(F8+B9) -> 79800.596 | G9: =POWER($G$3,B93) -> 3.5831808 | H9: =$G$3*(H8+B9) -> 107495.42 | I9: =POWER($I$3,B93) -> 4.7683716 | J9: =$I$3*(J8+B9) -> 143051.15 | K9: =POWER($K$3,B93) -> 6.2748517 | L9: =$K$3*(L8+B9) -> 188245.55 | M9: =POWER($M$3,B93) -> 8.1721509 | N9: =$M$3*(N8+B9) -> 245164.53 | O9: =POWER($O$3,B93) -> 10.54135 | P9: =$O$3*(P8+B9) -> 316240.51 | Q9: =POWER($Q$3,B93) -> 13.476466 | R9: =$Q$3*(R8+B9) -> 404293.98
A10: 45901 | B10: 0 | C10: =POWER($C$3,B94) -> 2.1435888 | D10: =$C$3*(D9+B10) -> 64307.664 | E10: =POWER($E$3,B94) -> 3.0590229 | F10: =$E$3*(F9+B10) -> 91770.686 | G10: =POWER($G$3,B94) -> 4.299817 | H10: =$G$3*(H9+B10) -> 128994.51 | I10: =POWER($I$3,B94) -> 5.9604645 | J10: =$I$3*(J9+B10) -> 178813.93 | K10: =POWER($K$3,B94) -> 8.1573072 | L10: =$K$3*(L9+B10) -> 244719.22 | M10: =POWER($M$3,B94) -> 11.032404 | N10: =$M$3*(N9+B10) -> 330972.11 | O10: =POWER($O$3,B94) -> 14.757891 | P10: =$O$3*(P9+B10) -> 442736.72 | Q10: =POWER($Q$3,B94) -> 19.540876 | R10: =$Q$3*(R9+B10) -> 586226.27
A11: 45931 | B11: 0 | C11: =POWER($C$3,B95) -> 2.3579477 | D11: =$C$3*(D10+B11) -> 70738.431 | E11: =POWER($E$3,B95) -> 3.5178763 | F11: =$E$3*(F10+B11) -> 105536.29 | G11: =POWER($G$3,B95) -> 5.1597804 | H11: =$G$3*(H10+B11) -> 154793.41 | I11: =POWER($I$3,B95) -> 7.4505806 | J11: =$I$3*(J10+B11) -> 223517.42 | K11: =POWER($K$3,B95) -> 10.604499 | L11: =$K$3*(L10+B11) -> 318134.98 | M11: =POWER($M$3,B95) -> 14.893745 | N11: =$M$3*(N10+B11) -> 446812.35 | O11: =POWER($O$3,B95) -> 20.661047 | P11: =$O$3*(P10+B11) -> 619831.4 | Q11: =POWER($Q$3,B95) -> 28.334269 | R11: =$Q$3*(R10+B11) -> 850028.08
A12: 45962 | B12: 0 | C12: =POWER($C$3,B96) -> 2.5937425 | D12: =$C$3*(D11+B12) -> 77812.274 | E12: =POWER($E$3,B96) -> 4.0455577 | F12: =$E$3*(F11+B12) -> 121366.73 | G12: =POWER($G$3,B96) -> 6.1917364 | H12: =$G$3*(H11+B12) -> 185752.09 | I12: =POWER($I$3,B96) -> 9.3132257 | J12: =$I$3*(J11+B12) -> 279396.77 | K12: =POWER($K$3,B96) -> 13.785849 | L12: =$K$3*(L11+B12) -> 413575.48 | M12: =POWER($M$3,B96) -> 20.106556 | N12: =$M$3*(N11+B12) -> 603196.68 | O12: =POWER($O$3,B96) -> 28.925465 | P12: =$O$3*(P11+B12) -> 867763.96 | Q12: =POWER($Q$3,B96) -> 41.084691 | R12: =$Q$3*(R11+B12) -> 1232540.7
A13: 45992 | B13: 0 | C13: =POWER($C$3,B97) -> 2.8531167 | D13: =$C$3*(D12+B13) -> 85593.501 | E13: =POWER($E$3,B97) -> 4.6523914 | F13: =$E$3*(F12+B13) -> 139571.74 | G13: =POWER($G$3,B97) -> 7.4300837 | H13: =$G$3*(H12+B13) -> 222902.51 | I13: =POWER($I$3,B97) -> 11.641532 | J13: =$I$3*(J12+B13) -> 349245.97 | K13: =POWER($K$3,B97) -> 17.921604 | L13: =$K$3*(L12+B13) -> 537648.12 | M13: =POWER($M$3,B97) -> 27.14385 | N13: =$M$3*(N12+B13) -> 814315.51 | O13: =POWER($O$3,B97) -> 40.495652 | P13: =$O$3*(P12+B13) -> 1214869.6 | Q13: =POWER($Q$3,B97) -> 59.572802 | R13: =$Q$3*(R12+B13) -> 1787184
A15: 日期 | B15: 天数 | C15: Ratio(3.0%) | D15: 金额 | E15: Ratio(2.0%) | F15: 金额 | G15: Ratio (1.5%) | H15: 金额 | I15: Ratio(1.0%) | J15: 金额 | K15: 增量资金 | L15: 盘前金额 | M15: 盈利 | N15: 实际涨幅 | O15: 盘后金额 | P15: 目标涨幅(1.0%) | T15: 涨停数 | U15: 跌停数
A16: 45586 | K16: 0 | L16: 24127.35 | M16: 0 | N16: 0 | O16: 24127.35 | T16: 190 | U16: 0
A17: 45587 | K17: 0 | L17: =IF(K17>0,K17+O16,O16) -> 24127.35 | M17: =(O17-L17)/L17 -> 0.079366362 | N17: =O17/($L$16+SUM($K$16:K17))-1 -> 0.079366362 | O17: 26042.25 | T17: 132 | U17: 0
A18: 45588 | K18: 0 | L18: =IF(K18>0,K18+O17,O17) -> 26042.25 | M18: =(O18-L18)/L18 -> 0.0088279623 | N18: =O18/($L$16+SUM($K$16:K18))-1 -> 0.088894968 | O18: 26272.15 | T18: 127 | U18: 2
A19: 45589 | K19: 0 | L19: =IF(K19>0,K19+O18,O18) -> 26272.15 | M19: =(O19-L19)/L19 -> -0.0065617013 | N19: =O19/($L$16+SUM($K$16:K19))-1 -> 0.081749964 | O19: 26099.76 | T19: 133 | U19: 3
A20: 45590 | K20: 0 | L20: =IF(K20>0,K20+O19,O19) -> 26099.76 | M20: =(O20-L20)/L20 -> 0.034094183 | N20: =O20/($L$16+SUM($K$16:K20))-1 -> 0.11863135 | O20: 26989.61 | T20: 191 | U20: 1
A21: 45593 | K21: 6000 | L21: =IF(K21>0,K21+O20,O20) -> 32989.61 | M21: =(O21-L21)/L21 -> 0.027312842 | N21: =O21/($L$16+SUM($K$16:K21))-1 -> 0.12491308 | O21: 33890.65 | T21: 294 | U21: 1
A22: 45594 | K22: 0 | L22: =IF(K22>0,K22+O21,O21) -> 33890.65 | M22: =(O22-L22)/L22 -> 0.030127484 | N22: =O22/($L$16+SUM($K$16:K22))-1 -> 0.15880388 | O22: 34911.69 | T22: 152 | U22: 19
A23: 45595 | K23: 0 | L23: =IF(K23>0,K23+O22,O22) -> 34911.69 | M23: =(O23-L23)/L23 -> 0.092977739 | N23: =O23/($L$16+SUM($K$16:K23))-1 -> 0.26654684 | O23: 38157.7 | T23: 194 | U23: 8
A24: 45596 | K24: 0 | L24: =IF(K24>0,K24+O23,O23) -> 38157.7 | M24: =(O24-L24)/L24 -> 0.060590654 | N24: =O24/($L$16+SUM($K$16:K24))-1 -> 0.34328774 | O24: 40469.7 | T24: 212 | U24: 14
A25: 45597 | K25: 0 | L25: =IF(K25>0,K25+O24,O24) -> 40469.7 | M25: =(O25-L25)/L25 -> -0.073424809 | N25: =O25/($L$16+SUM($K$16:K25))-1 -> 0.2446571 | O25: 37498.22 | T25: 124 | U25: 165
A26: 45600 | K26: 0 | L26: =IF(K26>0,K26+O25,O25) -> 37498.22 | M26: =(O26-L26)/L26 -> 0.024603835 | N26: =O26/($L$16+SUM($K$16:K26))-1 -> 0.27528043 | O26: 38420.82 | T26: 186 | U26: 43
A27: 45601 | K27: 0 | L27: =IF(K27>0,K27+O26,O26) -> 38420.82 | M27: =(O27-L27)/L27 -> 0.0041839294 | N27: =O27/($L$16+SUM($K$16:K27))-1 -> 0.28061612 | O27: 38581.57 | T27: 218 | U27: 2
A28: 45602 | K28: 0 | L28: =IF(K28>0,K28+O27,O27) -> 38581.57 | M28: =(O28-L28)/L28 -> -0.0042636938 | N28: =O28/($L$16+SUM($K$16:K28))-1 -> 0.27515596 | O28: 38417.07 | T28: 181 | U28: 7
... A85: 45684 | K85: 0 | L85: =IF(K85>0,K85+O84,O84) -> 27324.92 | M85: =(O85-L85)/L85 -> 0.095095612 | N85: =O85/($L$16+SUM($K$16:K85))-1 -> -0.0067695964 | O85: 29923.4 | T85: 45 | U85: 48
A86: 45693 | B86: 0 | C86: 1 | D86: 30000 | E86: 1 | F86: 30000 | G86: 1 | H86: 30000 | I86: 1 | J86: 30000 | K86: 0 | L86: =IF(K86>0,K86+O85,O85) -> 29923.4 | M86: =(O86-L86)/L86 -> 0.0016709331 | N86: =O86/($L$16+SUM($K$16:K86))-1 -> -0.0051099748 | O86: 29973.4 | P86: 0 | T86: 83 | U86: 45
A87: 45694 | B87: 1 | C87: 1.03 | D87: =($L$16+SUM($K$16:K87))*C87 -> 31031.171 | E87: 1.02 | F87: =($L$16+SUM($K$16:K87))*E87 -> 30729.897 | G87: 1.015 | H87: =($L$16+SUM($K$16:K87))*G87 -> 30579.26 | I87: 1.01 | J87: =($L$16+SUM($K$16:K87))*I87 -> 30428.624 | K87: 0 | L87: =IF(K87>0,K87+O86,O86) -> 29973.4 | M87: =(O87-L87)/L87 -> 0.041415722 | N87: =O87/($L$16+SUM($K$16:K87))-1 -> 0.036094114 | O87: 31214.77 | P87: =I87-1 -> 0.01 | T87: 101 | U87: 4
A88: 45695 | B88: 2 | C88: =POWER($C$87,B88) -> 1.0609 | D88: =($L$16+SUM($K$16:K88))*C88 -> 31962.106 | E88: =POWER($E$87,B88) -> 1.0404 | F88: =($L$16+SUM($K$16:K88))*E88 -> 31344.495 | G88: =POWER($G$87,B88) -> 1.030225 | H88: =($L$16+SUM($K$16:K88))*G88 -> 31037.949 | I88: =POWER($I$87,B88) -> 1.0201 | J88: =($L$16+SUM($K$16:K88))*I88 -> 30732.91 | K88: 0 | L88: =IF(K88>0,K88+O87,O87) -> 31214.77 | M88: =(O88-L88)/L88 -> 0.031715755 | N88: =O88/($L$16+SUM($K$16:K88))-1 -> 0.068954621 | O88: 32204.77 | P88: =I88-1 -> 0.0201 | T88: 93 | U88: 2
A89: 45698 | B89: 3 | C89: =POWER($C$87,B89) -> 1.092727 | D89: =($L$16+SUM($K$16:K89))*C89 -> 32920.969 | E89: =POWER($E$87,B89) -> 1.061208 | F89: =($L$16+SUM($K$16:K89))*E89 -> 31971.385 | G89: =POWER($G$87,B89) -> 1.0456784 | H89: =($L$16+SUM($K$16:K89))*G89 -> 31503.518 | I89: =POWER($I$87,B89) -> 1.030301 | J89: =($L$16+SUM($K$16:K89))*I89 -> 31040.239 | K89: 0 | L89: =IF(K89>0,K89+O88,O88) -> 32204.77 | M89: =(O89-L89)/L89 -> -0.00015494599 | N89: =O89/($L$16+SUM($K$16:K89))-1 -> 0.068788991 | O89: 32199.78 | P89: =I89-1 -> 0.030301 | T89: 140 | U89: 2
A90: 45699 | B90: 4 | C90: =POWER($C$87,B90) -> 1.1255088 | D90: =($L$16+SUM($K$16:K90))*C90 -> 33908.598 | E90: =POWER($E$87,B90) -> 1.0824322 | F90: =($L$16+SUM($K$16:K90))*E90 -> 32610.813 | G90: =POWER($G$87,B90) -> 1.0613636 | H90: =($L$16+SUM($K$16:K90))*G90 -> 31976.071 | I90: =POWER($I$87,B90) -> 1.040604 | J90: =($L$16+SUM($K$16:K90))*I90 -> 31350.641 | K90: 0 | L90: =IF(K90>0,K90+O89,O89) -> 32199.78 | M90: =(O90-L90)/L90 -> -0.024398924 | N90: =O90/($L$16+SUM($K$16:K90))-1 -> 0.042711689 | O90: 31414.14 | P90: =I90-1 -> 0.04060401 | T90: 84 | U90: 2
A91: 45700 | B91: 5 | C91: =POWER($C$87,B91) -> 1.1592741 | D91: =($L$16+SUM($K$16:K91))*C91 -> 34925.856 | E91: =POWER($E$87,B91) -> 1.1040808 | F91: =($L$16+SUM($K$16:K91))*E91 -> 33263.029 | G91: =POWER($G$87,B91) -> 1.077284 | H91: =($L$16+SUM($K$16:K91))*G91 -> 32455.712 | I91: =POWER($I$87,B91) -> 1.0510101 | J91: =($L$16+SUM($K$16:K91))*I91 -> 31664.148 | K91: 0 | L91: =IF(K91>0,K91+O90,O90) -> 31414.14 | M91: =(O91-L91)/L91 -> 3.1832799e-05 | N91: =O91/($L$16+SUM($K$16:K91))-1 -> 0.042744881 | O91: 31415.14 | P91: =I91-1 -> 0.05101005 | T91: 95 | U91: 2
A92: 45701 | B92: 6 | C92: =POWER($C$87,B92) -> 1.1940523 | D92: =($L$16+SUM($K$16:K92))*C92 -> 35973.631 | E92: =POWER($E$87,B92) -> 1.1261624 | F92: =($L$16+SUM($K$16:K92))*E92 -> 33928.289 | G92: =POWER($G$87,B92) -> 1.0934433 | H92: =($L$16+SUM($K$16:K92))*G92 -> 32942.548 | I92: =POWER($I$87,B92) -> 1.0615202 | J92: =($L$16+SUM($K$16:K92))*I92 -> 31980.789 | K92: 0 | L92: =IF(K92>0,K92+O91,O91) -> 31415.14 | M92: =(O92-L92)/L92 -> -0.00018780753 | N92: =O92/($L$16+SUM($K$16:K92))-1 -> 0.042549046 | O92: 31409.24 | P92: =I92-1 -> 0.061520151 | T92: 74 | U92: 7
A93: 45702 | B93: 7 | C93: =POWER($C$87,B93) -> 1.2298739 | D93: =($L$16+SUM($K$16:K93))*C93 -> 37052.84 | E93: =POWER($E$87,B93) -> 1.1486857 | F93: =($L$16+SUM($K$16:K93))*E93 -> 34606.855 | G93: =POWER($G$87,B93) -> 1.1098449 | H93: =($L$16+SUM($K$16:K93))*G93 -> 33436.686 | I93: =POWER($I$87,B93) -> 1.0721354 | J93: =($L$16+SUM($K$16:K93))*I93 -> 32300.597 | K93: 0 | L93: =IF(K93>0,K93+O92,O92) -> 31409.24 | M93: =(O93-L93)/L93 -> 0.00543598 | N93: =O93/($L$16+SUM($K$16:K93))-1 -> 0.048216322 | O93: 31579.98 | P93: =I93-1 -> 0.072135352 | T93: 87 | U93: 9
A94: 45705 | B94: 8 | C94: =POWER($C$87,B94) -> 1.2667701 | D94: =($L$16+SUM($K$16:K94))*C94 -> 38164.426 | E94: =POWER($E$87,B94) -> 1.1716594 | F94: =($L$16+SUM($K$16:K94))*E94 -> 35298.992 | G94: =POWER($G$87,B94) -> 1.1264926 | H94: =($L$16+SUM($K$16:K94))*G94 -> 33938.236 | I94: =POWER($I$87,B94) -> 1.0828567 | J94: =($L$16+SUM($K$16:K94))*I94 -> 32623.603 | K94: 0 | L94: =IF(K94>0,K94+O93,O93) -> 31579.98 | M94: =(O94-L94)/L94 -> -0.13367963 | N94: =O94/($L$16+SUM($K$16:K94))-1 -> -0.091908847 | O94: 27358.38 | P94: =I94-1 -> 0.082856706 | T94: 114 | U94: 7
A95: 45706 | B95: 9 | C95: =POWER($C$87,B95) -> 1.3047732 | D95: =($L$16+SUM($K$16:K95))*C95 -> 39309.358 | E95: =POWER($E$87,B95) -> 1.1950926 | F95: =($L$16+SUM($K$16:K95))*E95 -> 36004.972 | G95: =POWER($G$87,B95) -> 1.14339 | H95: =($L$16+SUM($K$16:K95))*G95 -> 34447.31 | I95: =POWER($I$87,B95) -> 1.0936853 | J95: =($L$16+SUM($K$16:K95))*I95 -> 32949.839 | K95: 0 | L95: =IF(K95>0,K95+O94,O94) -> 27358.38 | M95: =(O95-L95)/L95 -> 0.022223538 | N95: =O95/($L$16+SUM($K$16:K95))-1 -> -0.071727849 | O95: 27966.38 | P95: =I95-1 -> 0.093685273 | T95: 53 | U95: 21
A96: 45707 | B96: 10 | C96: =POWER($C$87,B96) -> 1.3439164 | D96: =($L$16+SUM($K$16:K96))*C96 -> 40488.639 | E96: =POWER($E$87,B96) -> 1.2189944 | F96: =($L$16+SUM($K$16:K96))*E96 -> 36725.072 | G96: =POWER($G$87,B96) -> 1.1605408 | H96: =($L$16+SUM($K$16:K96))*G96 -> 34964.02 | I96: =POWER($I$87,B96) -> 1.1046221 | J96: =($L$16+SUM($K$16:K96))*I96 -> 33279.337 | K96: 0 | L96: =IF(K96>0,K96+O95,O95) -> 27966.38 | M96: =(O96-L96)/L96 -> -0.013727197 | N96: =O96/($L$16+SUM($K$16:K96))-1 -> -0.084470423 | O96: 27582.48 | P96: =I96-1 -> 0.10462213 | T96: 120 | U96: 4
A97: 45708 | B97: 11 | C97: =POWER($C$87,B97) -> 1.3842339 | D97: =($L$16+SUM($K$16:K97))*C97 -> 41703.298 | E97: =POWER($E$87,B97) -> 1.2433743 | F97: =($L$16+SUM($K$16:K97))*E97 -> 37459.573 | G97: =POWER($G$87,B97) -> 1.1779489 | H97: =($L$16+SUM($K$16:K97))*G97 -> 35488.48 | I97: =POWER($I$87,B97) -> 1.1156683 | J97: =($L$16+SUM($K$16:K97))*I97 -> 33612.131 | K97: 0 | L97: =IF(K97>0,K97+O96,O96) -> 27582.48 | M97: =(O97-L97)/L97 -> 0.017848286 | N97: =O97/($L$16+SUM($K$16:K97))-1 -> -0.068129789 | O97: 28074.78 | P97: =I97-1 -> 0.11566835 | T97: 107 | U97: 1
A98: 45709 | B98: 12 | C98: =POWER($C$87,B98) -> 1.4257609 | D98: =($L$16+SUM($K$16:K98))*C98 -> 42954.397 | E98: =POWER($E$87,B98) -> 1.2682418 | F98: =($L$16+SUM($K$16:K98))*E98 -> 38208.764 | G98: =POWER($G$87,B98) -> 1.1956182 | H98: =($L$16+SUM($K$16:K98))*G98 -> 36020.807 | I98: =POWER($I$87,B98) -> 1.126825 | J98: =($L$16+SUM($K$16:K98))*I98 -> 33948.252 | K98: 0 | L98: =IF(K98>0,K98+O97,O97) -> 28074.78 | M98: =(O98-L98)/L98 -> -0.04788034 | N98: =O98/($L$16+SUM($K$16:K98))-1 -> -0.11274805 | O98: 26730.55 | P98: =I98-1 -> 0.12682503 | T98: 119 | U98: 4
A99: 45712 | B99: 13 | C99: =POWER($C$87,B99) -> 1.4685337 | D99: =($L$16+SUM($K$16:K99))*C99 -> 44243.029 | E99: =POWER($E$87,B99) -> 1.2936066 | F99: =($L$16+SUM($K$16:K99))*E99 -> 38972.94 | G99: =POWER($G$87,B99) -> 1.2135524 | H99: =($L$16+SUM($K$16:K99))*G99 -> 36561.119 | I99: =POWER($I$87,B99) -> 1.1380933 | J99: =($L$16+SUM($K$16:K99))*I99 -> 34287.735 | K99: 0 | L99: =IF(K99>0,K99+O98,O98) -> 26730.55 | M99: =(O99-L99)/L99 -> -0.00018705189 | N99: =O99/($L$16+SUM($K$16:K99))-1 -> -0.11291401 | O99: 26725.55 | P99: =I99-1 -> 0.13809328 | T99: 91 | U99: 18
... A124: 45747 | B124: 38 | C124: =POWER($C$87,B124) -> 3.0747835 | D124: =($L$16+SUM($K$16:K124))*C124 -> 92635.078 | E124: =POWER($E$87,B124) -> 2.1222988 | F124: =($L$16+SUM($K$16:K124))*E124 -> 63939.239 | G124: =POWER($G$87,B124) -> 1.7607983 | H124: =($L$16+SUM($K$16:K124))*G124 -> 53048.186 | I124: =POWER($I$87,B124) -> 1.4595272 | J124: =($L$16+SUM($K$16:K124))*I124 -> 43971.688 | K124: 0 | L124: =IF(K124>0,K124+O123,O123) -> 20044.73 | M124: =(O124-L124)/L124 -> -0.010476569 | N124: =O124/($L$16+SUM($K$16:K124))-1 -> -0.34163708 | O124: 19834.73 | P124: =I124-1 -> 0.45952724 | T124: 41 | U124: 43
A125: 45748 | B125: 39 | C125: =POWER($C$87,B125) -> 3.167027 | D125: =($L$16+SUM($K$16:K125))*C125 -> 95414.13 | E125: =POWER($E$87,B125) -> 2.1647448 | F125: =($L$16+SUM($K$16:K125))*E125 -> 65218.023 | G125: =POWER($G$87,B125) -> 1.7872103 | H125: =($L$16+SUM($K$16:K125))*G125 -> 53843.909 | I125: =POWER($I$87,B125) -> 1.4741225 | J125: =($L$16+SUM($K$16:K125))*I125 -> 44411.405 | K125: 0 | P125: =I125-1 -> 0.47412251 | T125: 65 | U125: 19
A126: 45749 | B126: 40 | C126: =POWER($C$87,B126) -> 3.2620378 | D126: =($L$16+SUM($K$16:K126))*C126 -> 98276.554 | E126: =POWER($E$87,B126) -> 2.2080397 | F126: =($L$16+SUM($K$16:K126))*E126 -> 66522.384 | G126: =POWER($G$87,B126) -> 1.8140184 | H126: =($L$16+SUM($K$16:K126))*G126 -> 54651.568 | I126: =POWER($I$87,B126) -> 1.4888637 | J126: =($L$16+SUM($K$16:K126))*I126 -> 44855.519 | K126: 0 | P126: =I126-1 -> 0.48886373 | T126: 48 | U126: 19
A127: 45750 | B127: 41 | C127: =POWER($C$87,B127) -> 3.3598989 | D127: =($L$16+SUM($K$16:K127))*C127 -> 101224.85 | E127: =POWER($E$87,B127) -> 2.2522005 | F127: =($L$16+SUM($K$16:K127))*E127 -> 67852.831 | G127: =POWER($G$87,B127) -> 1.8412287 | H127: =($L$16+SUM($K$16:K127))*G127 -> 55471.341 | I127: =POWER($I$87,B127) -> 1.5037524 | J127: =($L$16+SUM($K$16:K127))*I127 -> 45304.074 | K127: 0 | P127: =I127-1 -> 0.50375237 | T127: 59 | U127: 30
A128: 45754 | B128: 42 | C128: =POWER($C$87,B128) -> 3.4606959 | D128: =($L$16+SUM($K$16:K128))*C128 -> 104261.6 | E128: =POWER($E$87,B128) -> 2.2972445 | F128: =($L$16+SUM($K$16:K128))*E128 -> 69209.888 | G128: =POWER($G$87,B128) -> 1.8688471 | H128: =($L$16+SUM($K$16:K128))*G128 -> 56303.411 | I128: =POWER($I$87,B128) -> 1.5187899 | J128: =($L$16+SUM($K$16:K128))*I128 -> 45757.115 | K128: 0 | P128: =I128-1 -> 0.51878989 | T128: 25 | U128: 2902
A129: 45755 | B129: 43 | C129: =POWER($C$87,B129) -> 3.5645168 | D129: =($L$16+SUM($K$16:K129))*C129 -> 107389.44 | E129: =POWER($E$87,B129) -> 2.3431894 | F129: =($L$16+SUM($K$16:K129))*E129 -> 70594.086 | G129: =POWER($G$87,B129) -> 1.8968798 | H129: =($L$16+SUM($K$16:K129))*G129 -> 57147.962 | I129: =POWER($I$87,B129) -> 1.5339778 | J129: =($L$16+SUM($K$16:K129))*I129 -> 46214.686 | K129: 0 | P129: =I129-1 -> 0.53397779 | T129: 127 | U129: 168
A130: 45756 | B130: 44 | C130: =POWER($C$87,B130) -> 3.6714523 | D130: =($L$16+SUM($K$16:K130))*C130 -> 110611.13 | E130: =POWER($E$87,B130) -> 2.3900531 | F130: =($L$16+SUM($K$16:K130))*E130 -> 72005.968 | G130: =POWER($G$87,B130) -> 1.925333 | H130: =($L$16+SUM($K$16:K130))*G130 -> 58005.182 | I130: =POWER($I$87,B130) -> 1.5493176 | J130: =($L$16+SUM($K$16:K130))*I130 -> 46676.833 | K130: 0 | P130: =I130-1 -> 0.54931757 | T130: 128 | U130: 13
A131: 45757 | B131: 45 | C131: =POWER($C$87,B131) -> 3.7815958 | D131: =($L$16+SUM($K$16:K131))*C131 -> 113929.46 | E131: =POWER($E$87,B131) -> 2.4378542 | F131: =($L$16+SUM($K$16:K131))*E131 -> 73446.087 | G131: =POWER($G$87,B131) -> 1.954213 | H131: =($L$16+SUM($K$16:K131))*G131 -> 58875.259 | I131: =POWER($I$87,B131) -> 1.5648107 | J131: =($L$16+SUM($K$16:K131))*I131 -> 47143.601 | K131: 0 | P131: =I131-1 -> 0.56481075 | T131: 174 | U131: 2
A132: 45758 | B132: 46 | C132: =POWER($C$87,B132) -> 3.8950437 | D132: =($L$16+SUM($K$16:K132))*C132 -> 117347.35 | E132: =POWER($E$87,B132) -> 2.4866113 | F132: =($L$16+SUM($K$16:K132))*E132 -> 74915.009 | G132: =POWER($G$87,B132) -> 1.9835262 | H132: =($L$16+SUM($K$16:K132))*G132 -> 59758.388 | I132: =POWER($I$87,B132) -> 1.5804589 | J132: =($L$16+SUM($K$16:K132))*I132 -> 47615.037 | K132: 0 | P132: =I132-1 -> 0.58045885 | T132: 104 | U132: 11
A133: 45761 | B133: 47 | C133: =POWER($C$87,B133) -> 4.011895 | D133: =($L$16+SUM($K$16:K133))*C133 -> 120867.77 | E133: =POWER($E$87,B133) -> 2.5363435 | F133: =($L$16+SUM($K$16:K133))*E133 -> 76413.309 | G133: =POWER($G$87,B133) -> 2.0132791 | H133: =($L$16+SUM($K$16:K133))*G133 -> 60654.764 | I133: =POWER($I$87,B133) -> 1.5962634 | J133: =($L$16+SUM($K$16:K133))*I133 -> 48091.187 | K133: 0 | P133: =I133-1 -> 0.59626344 | T133: 129 | U133: 4
A134: 45762 | B134: 48 | C134: =POWER($C$87,B134) -> 4.1322519 | D134: =($L$16+SUM($K$16:K134))*C134 -> 124493.8 | E134: =POWER($E$87,B134) -> 2.5870704 | F134: =($L$16+SUM($K$16:K134))*E134 -> 77941.575 | G134: =POWER($G$87,B134) -> 2.0434783 | H134: =($L$16+SUM($K$16:K134))*G134 -> 61564.586 | I134: =POWER($I$87,B134) -> 1.6122261 | J134: =($L$16+SUM($K$16:K134))*I134 -> 48572.099 | K134: 0 | P134: =I134-1 -> 0.61222608 | T134: 81 | U134: 11
A135: 45763 | B135: 49 | C135: =POWER($C$87,B135) -> 4.2562194 | D135: =($L$16+SUM($K$16:K135))*C135 -> 128228.61 | E135: =POWER($E$87,B135) -> 2.6388118 | F135: =($L$16+SUM($K$16:K135))*E135 -> 79500.406 | G135: =POWER($G$87,B135) -> 2.0741305 | H135: =($L$16+SUM($K$16:K135))*G135 -> 62488.054 | I135: =POWER($I$87,B135) -> 1.6283483 | J135: =($L$16+SUM($K$16:K135))*I135 -> 49057.82 | K135: 0 | P135: =I135-1 -> 0.62834834 | T135: 54 | U135: 14
A136: 45764 | B136: 50 | C136: =POWER($C$87,B136) -> 4.383906 | D136: =($L$16+SUM($K$16:K136))*C136 -> 132075.47 | E136: =POWER($E$87,B136) -> 2.691588 | F136: =($L$16+SUM($K$16:K136))*E136 -> 81090.415 | G136: =POWER($G$87,B136) -> 2.1052424 | H136: =($L$16+SUM($K$16:K136))*G136 -> 63425.375 | I136: =POWER($I$87,B136) -> 1.6446318 | J136: =($L$16+SUM($K$16:K136))*I136 -> 49548.399 | K136: 0 | P136: =I136-1 -> 0.64463182 | T136: 99 | U136: 12
... A142: 45772 | B142: 56 | C142: =POWER($C$87,B142) -> 5.234613 | D142: =($L$16+SUM($K$16:K142))*C142 -> 157705.02 | E142: =POWER($E$87,B142) -> 3.0311653 | F142: =($L$16+SUM($K$16:K142))*E142 -> 91320.977 | G142: =POWER($G$87,B142) -> 2.3019631 | H142: =($L$16+SUM($K$16:K142))*G142 -> 69352.049 | I142: =POWER($I$87,B142) -> 1.7458098 | J142: =($L$16+SUM($K$16:K142))*I142 -> 52596.623 | K142: 0 | P142: =I142-1 -> 0.74580982 | T142: 76 | U142: 34
A143: 45775 | B143: 57 | C143: =POWER($C$87,B143) -> 5.3916514 | D143: =($L$16+SUM($K$16:K143))*C143 -> 162436.17 | E143: =POWER($E$87,B143) -> 3.0917886 | F143: =($L$16+SUM($K$16:K143))*E143 -> 93147.397 | G143: =POWER($G$87,B143) -> 2.3364926 | H143: =($L$16+SUM($K$16:K143))*G143 -> 70392.33 | I143: =POWER($I$87,B143) -> 1.7632679 | J143: =($L$16+SUM($K$16:K143))*I143 -> 53122.59 | K143: 0 | P143: =I143-1 -> 0.76326792
A144: 45776 | B144: 58 | C144: =POWER($C$87,B144) -> 5.553401 | D144: =($L$16+SUM($K$16:K144))*C144 -> 167309.26 | E144: =POWER($E$87,B144) -> 3.1536244 | F144: =($L$16+SUM($K$16:K144))*E144 -> 95010.345 | G144: =POWER($G$87,B144) -> 2.37154 | H144: =($L$16+SUM($K$16:K144))*G144 -> 71448.215 | I144: =POWER($I$87,B144) -> 1.7809006 | J144: =($L$16+SUM($K$16:K144))*I144 -> 53653.816 | K144: 0 | P144: =I144-1 -> 0.7809006
A145: 45777 | B145: 59 | C145: =POWER($C$87,B145) -> 5.720003 | D145: =($L$16+SUM($K$16:K145))*C145 -> 172328.53 | E145: =POWER($E$87,B145) -> 3.2166969 | F145: =($L$16+SUM($K$16:K145))*E145 -> 96910.552 | G145: =POWER($G$87,B145) -> 2.4071131 | H145: =($L$16+SUM($K$16:K145))*G145 -> 72519.938 | I145: =POWER($I$87,B145) -> 1.7987096 | J145: =($L$16+SUM($K$16:K145))*I145 -> 54190.354 | K145: 0 | P145: =I145-1 -> 0.7987096
B146: 60 | C146: =POWER($C$87,B146) -> 5.8916031 | D146: =($L$16+SUM($K$16:K146))*C146 -> 177498.39 | E146: =POWER($E$87,B146) -> 3.2810308 | F146: =($L$16+SUM($K$16:K146))*E146 -> 98848.763 | G146: =POWER($G$87,B146) -> 2.4432198 | H146: =($L$16+SUM($K$16:K146))*G146 -> 73607.737 | I146: =POWER($I$87,B146) -> 1.8166967 | J146: =($L$16+SUM($K$16:K146))*I146 -> 54732.257 | K146: 0 | P146: =I146-1 -> 0.8166967
B147: 61 | C147: =POWER($C$87,B147) -> 6.0683512 | D147: =($L$16+SUM($K$16:K147))*C147 -> 182823.34 | E147: =POWER($E$87,B147) -> 3.3466514 | F147: =($L$16+SUM($K$16:K147))*E147 -> 100825.74 | G147: =POWER($G$87,B147) -> 2.4798681 | H147: =($L$16+SUM($K$16:K147))*G147 -> 74711.853 | I147: =POWER($I$87,B147) -> 1.8348637 | J147: =($L$16+SUM($K$16:K147))*I147 -> 55279.58 | K147: 0 | P147: =I147-1 -> 0.83486367
B148: 62 | C148: =POWER($C$87,B148) -> 6.2504017 | D148: =($L$16+SUM($K$16:K148))*C148 -> 188308.04 | E148: =POWER($E$87,B148) -> 3.4135844 | F148: =($L$16+SUM($K$16:K148))*E148 -> 102842.25 | G148: =POWER($G$87,B148) -> 2.5170661 | H148: =($L$16+SUM($K$16:K148))*G148 -> 75832.531 | I148: =POWER($I$87,B148) -> 1.8532123 | J148: =($L$16+SUM($K$16:K148))*I148 -> 55832.376 | K148: 0 | P148: =I148-1 -> 0.8532123
B149: 63 | C149: =POWER($C$87,B149) -> 6.4379138 | D149: =($L$16+SUM($K$16:K149))*C149 -> 193957.28 | E149: =POWER($E$87,B149) -> 3.4818561 | F149: =($L$16+SUM($K$16:K149))*E149 -> 104899.1 | G149: =POWER($G$87,B149) -> 2.5548221 | H149: =($L$16+SUM($K$16:K149))*G149 -> 76970.019 | I149: =POWER($I$87,B149) -> 1.8717444 | J149: =($L$16+SUM($K$16:K149))*I149 -> 56390.699 | K149: 0 | P149: =I149-1 -> 0.87174443
B150: 64 | C150: =POWER($C$87,B150) -> 6.6310512 | D150: =($L$16+SUM($K$16:K150))*C150 -> 199776 | E150: =POWER($E$87,B150) -> 3.5514932 | F150: =($L$16+SUM($K$16:K150))*E150 -> 106997.08 | G150: =POWER($G$87,B150) -> 2.5931444 | H150: =($L$16+SUM($K$16:K150))*G150 -> 78124.569 | I150: =POWER($I$87,B150) -> 1.8904619 | J150: =($L$16+SUM($K$16:K150))*I150 -> 56954.606 | K150: 0 | P150: =I150-1 -> 0.89046187
B151: 65 | C151: =POWER($C$87,B151) -> 6.8299827 | D151: =($L$16+SUM($K$16:K151))*C151 -> 205769.28 | E151: =POWER($E$87,B151) -> 3.6225231 | F151: =($L$16+SUM($K$16:K151))*E151 -> 109137.02 | G151: =POWER($G$87,B151) -> 2.6320416 | H151: =($L$16+SUM($K$16:K151))*G151 -> 79296.438 | I151: =POWER($I$87,B151) -> 1.9093665 | J151: =($L$16+SUM($K$16:K151))*I151 -> 57524.152 | K151: 0 | P151: =I151-1 -> 0.90936649
B152: 66 | C152: =POWER($C$87,B152) -> 7.0348822 | D152: =($L$16+SUM($K$16:K152))*C152 -> 211942.36 | E152: =POWER($E$87,B152) -> 3.6949736 | F152: =($L$16+SUM($K$16:K152))*E152 -> 111319.76 | G152: =POWER($G$87,B152) -> 2.6715222 | H152: =($L$16+SUM($K$16:K152))*G152 -> 80485.885 | I152: =POWER($I$87,B152) -> 1.9284602 | J152: =($L$16+SUM($K$16:K152))*I152 -> 58099.394 | K152: 0 | P152: =I152-1 -> 0.92846015
B153: 67 | C153: =POWER($C$87,B153) -> 7.2459287 | D153: =($L$16+SUM($K$16:K153))*C153 -> 218300.63 | E153: =POWER($E$87,B153) -> 3.768873 | F153: =($L$16+SUM($K$16:K153))*E153 -> 113546.16 | G153: =POWER($G$87,B153) -> 2.711595 | H153: =($L$16+SUM($K$16:K153))*G153 -> 81693.173 | I153: =POWER($I$87,B153) -> 1.9477448 | J153: =($L$16+SUM($K$16:K153))*I153 -> 58680.388 | K153: 0 | P153: =I153-1 -> 0.94774475
B154: 68 | C154: =POWER($C$87,B154) -> 7.4633065 | D154: =($L$16+SUM($K$16:K154))*C154 -> 224849.65 | E154: =POWER($E$87,B154) -> 3.8442505 | F154: =($L$16+SUM($K$16:K154))*E154 -> 115817.08 | G154: =POWER($G$87,B154) -> 2.752269 | H154: =($L$16+SUM($K$16:K154))*G154 -> 82918.57 | I154: =POWER($I$87,B154) -> 1.9672222 | J154: =($L$16+SUM($K$16:K154))*I154 -> 59267.192 | K154: 0 | P154: =I154-1 -> 0.9672222
B155: 69 | C155: =POWER($C$87,B155) -> 7.6872057 | D155: =($L$16+SUM($K$16:K155))*C155 -> 231595.14 | E155: =POWER($E$87,B155) -> 3.9211355 | F155: =($L$16+SUM($K$16:K155))*E155 -> 118133.42 | G155: =POWER($G$87,B155) -> 2.793553 | H155: =($L$16+SUM($K$16:K155))*G155 -> 84162.349 | I155: =POWER($I$87,B155) -> 1.9868944 | J155: =($L$16+SUM($K$16:K155))*I155 -> 59859.864 | K155: 0 | P155: =I155-1 -> 0.98689442
B156: 70 | C156: =POWER($C$87,B156) -> 7.9178219 | D156: =($L$16+SUM($K$16:K156))*C156 -> 238542.99 | E156: =POWER($E$87,B156) -> 3.9995582 | F156: =($L$16+SUM($K$16:K156))*E156 -> 120496.09 | G156: =POWER($G$87,B156) -> 2.8354563 | H156: =($L$16+SUM($K$16:K156))*G156 -> 85424.784 | I156: =POWER($I$87,B156) -> 2.0067634 | J156: =($L$16+SUM($K$16:K156))*I156 -> 60458.462 | K156: 0 | P156: =I156-1 -> 1.0067634
B157: 71 | C157: =POWER($C$87,B157) -> 8.1553566 | D157: =($L$16+SUM($K$16:K157))*C157 -> 245699.28 | E157: =POWER($E$87,B157) -> 4.0795494 | F157: =($L$16+SUM($K$16:K157))*E157 -> 122906.01 | G157: =POWER($G$87,B157) -> 2.8779881 | H157: =($L$16+SUM($K$16:K157))*G157 -> 86706.156 | I157: =POWER($I$87,B157) -> 2.026831 | J157: =($L$16+SUM($K$16:K157))*I157 -> 61063.047 | K157: 0 | P157: =I157-1 -> 1.026831
... B185: 99 | C185: =POWER($C$87,B185) -> 18.658866 | D185: =($L$16+SUM($K$16:K185))*C185 -> 562142.19 | E185: =POWER($E$87,B185) -> 7.1025942 | F185: =($L$16+SUM($K$16:K185))*E185 -> 213982.34 | G185: =POWER($G$87,B185) -> 4.3665474 | H185: =($L$16+SUM($K$16:K185))*G185 -> 131552.5 | I185: =POWER($I$87,B185) -> 2.6780335 | J185: =($L$16+SUM($K$16:K185))*I185 -> 80682.052 | K185: 0 | P185: =I185-1 -> 1.6780335

Sheet 二板补涨缩量战法
B1: 二板补涨战法交谊原则 | K1: 月份 | L1: 交易日 | M1: 盈利 | N1: 亏损 | O1: 涨幅 | P1: 实际涨幅 | Q1: 月份 | R1: 交易日 | S1: 盈利 | T1: 亏损 | U1: 涨幅 | V1: 实际涨幅
Q2: 45658 | R2: =S2+T2 -> 3 | S2: 3 | T2: 0 | U2: =V2/P13-1 -> 0.10504463 | V2: 3.7261
B3: 万变不离其宗，一定要观察情绪波动，是最高点释放后的上涨，还是临近最高点 | Q3: 45689 | R3: =S3+T3 -> 6 | S3: 3 | T3: 3 | U3: =V3/V2-1 -> -0.058694077 | V3: 3.5074
B4: D-DAY尾盘炸板 | D4: 不影响第二天的情绪 | Q4: 45717 | R4: =S4+T4 -> 4 | S4: 1 | T4: 3 | U4: =V4/V3-1 -> -0.094599989 | V4: 3.1756
B5: 涨跌比超过14% | D5: 下一天是急剧危险的一天，不进 | Q5: 45748 | R5: =S5+T5 -> 6 | S5: 2 | T5: 4 | U5: =V5/V4-1 -> 0.31490112 | V5: 4.1756
B6: 涨跌比下降至1/3 | D6: 强势一天，可进 | Q6: 45778 | R6: =S6+T6 -> 8 | S6: 3 | T6: 5 | U6: =V6/V5-1 -> 0.23948654 | V6: 5.1756
B7: DAY-1主线 | D7: 行情可以继续延申 | Q7: 45809 | R7: =S7+T7 -> 10 | S7: 4 | T7: 6 | U7: =V7/V6-1 -> 0.19321431 | V7: 6.1756
B8: 微快速换手板 | D8: 实在没有买入时可以考虑买入，但是需要当日出售 | Q8: 45839 | R8: =S8+T8 -> 0
Q9: 45870 | R9: =S9+T9 -> 0
Q10: 45901 | R10: =S10+T10 -> 0
K11: 45566 | L11: 5 | M11: 5 | N11: 0 | O11: 0.4655 | P11: 1.4655 | Q11: 45931 | R11: =S11+T11 -> 0
K12: 45597 | L12: 9 | M12: 6 | N12: 3 | O12: =P12/P11-1 -> 0.43063801 | P12: 2.0966 | Q12: 45962 | R12: =S12+T12 -> 0
K13: 45627 | L13: =M13+N13 -> 7 | M13: 7 | N13: 0 | O13: =P13/P11-1 -> 1.300853 | P13: 3.3719 | Q13: 45992 | R13: =S13+T13 -> 0
K14: TOTAL | L14: =SUM(L2:L13) -> 21 | M14: =SUM(M2:M13) -> 18 | N14: =SUM(N2:N13) -> 3 | O14: =AVERAGE(O11:O13) -> 0.73233032 | P14: 3.3719 | Q14: TOTAL | R14: =SUM(R2:R13) -> 37 | S14: =SUM(S2:S13) -> 16 | T14: =SUM(T2:T13) -> 21 | U14: =AVERAGE(U2:U13) -> 0.11655876 | V14: =V3 -> 3.5074
A16: 日期 | B16: 名称 | C16: TYPE | D16: D-DAY | E16: DAY-1 | F16: DAY-2 | G16: DAY-3 | H16: DAY-4 | I16: 定额交易 | J16: WIN | K16: 模式内交易 | L16: WIN | Q16: 涨跌比 | R16: 涨停数 | S16: 跌停数 | T16: 异动原因
A17: 45579 | J17: 1 | L17: 1
A18: 45580 | B18: 国泰君安 | C18: 连扳一字 | D18: 0.0692 | E18: -0.0536
A19: 45581 | B19: 宝塔实业 | C19: 低预期快速换手板 | D19: 0.0457 | E19: 跌停
A20: 45582
A21: 45583
A22: 45586 | Q22: =S22/R22 -> 0 | R22: =VLOOKUP(INDIRECT("A"&ROW()),收益表!$A$16:$U$10014,20,0) -> 190 | S22: =VLOOKUP(INDIRECT("A"&ROW()),收益表!$A$16:$U$10014,21,0) -> 0
A23: 45587 | Q23: =S23/R23 -> 0 | R23: =VLOOKUP(INDIRECT("A"&ROW()),收益表!$A$16:$U$10014,20,0) -> 132 | S23: =VLOOKUP(INDIRECT("A"&ROW()),收益表!$A$16:$U$10014,21,0) -> 0
A24: 45588 | Q24: =S24/R24 -> 0.015748031 | R24: =VLOOKUP(INDIRECT("A"&ROW()),收益表!$A$16:$U$10014,20,0) -> 127 | S24: =VLOOKUP(INDIRECT("A"&ROW()),收益表!$A$16:$U$10014,21,0) -> 2
A25: 45589 | B25: 东易日盛 | C25: T字板 | D25: 0 | E25: 涨停 | F25: 涨停 | G25: 涨停 | H25: -0.0373 | I25: 0.1 | J25: =(1+I25)*J17 -> 1.1 | K25: 0.1 | L25: =(1+K25)*L17 -> 1.1 | Q25: =S25/R25 -> 0.022556391 | R25: =VLOOKUP(INDIRECT("A"&ROW()),收益表!$A$16:$U$10014,20,0) -> 133 | S25: =VLOOKUP(INDIRECT("A"&ROW()),收益表!$A$16:$U$10014,21,0) -> 3 | T25: 行情好时尾盘炸板不影响第二日继续改善
A26: 45590 | B26: 亚邦股份 | C26: 连扳一字 | D26: 0.0222 | E26: 0.0024 | I26: 0.1 | J26: =(1+I26)*J25 -> 1.21 | K26: 0.1 | L26: =(1+K26)*L25 -> 1.21 | Q26: =S26/R26 -> 0.0052356021 | R26: =VLOOKUP(INDIRECT("A"&ROW()),收益表!$A$16:$U$10014,20,0) -> 191 | S26: =VLOOKUP(INDIRECT("A"&ROW()),收益表!$A$16:$U$10014,21,0) -> 1
B27: 岩石股份 | C27: 快速换手板 | D27: 0.018 | E27: 涨停 | F27: 涨停 | G27: 涨停 | H27: 0.0177
A28: 45593 | Q28: =S28/R28 -> 0.0034013605 | R28: =VLOOKUP(INDIRECT("A"&ROW()),收益表!$A$16:$U$10014,20,0) -> 294 | S28: =VLOOKUP(INDIRECT("A"&ROW()),收益表!$A$16:$U$10014,21,0) -> 1
A29: 45594 | B29: 深圳业A | C29: 一字板 | D29: 0.0488 | E29: 7.24%(炸板) | I29: 0.0724 | J29: =(1+I29)*J26 -> 1.297604 | K29: 0.0724 | L29: =(1+K29)*L26 -> 1.297604 | Q29: =S29/R29 -> 0.125 | R29: =VLOOKUP(INDIRECT("A"&ROW()),收益表!$A$16:$U$10014,20,0) -> 152 | S29: =VLOOKUP(INDIRECT("A"&ROW()),收益表!$A$16:$U$10014,21,0) -> 19
A30: 45595 | B30: 怡亚通 | C30: 一字板 | D30: 0.0868 | E30: 0.026 | F30: 炸板 | I30: 0.026 | J30: =(1+I30)*J29 -> 1.3313417 | K30: 0.026 | L30: =(1+K30)*L29 -> 1.3313417 | Q30: =S30/R30 -> 0.041237113 | R30: =VLOOKUP(INDIRECT("A"&ROW()),收益表!$A$16:$U$10014,20,0) -> 194 | S30: =VLOOKUP(INDIRECT("A"&ROW()),收益表!$A$16:$U$10014,21,0) -> 8
B31: 澳柯玛 | C31: 低预期快速换手板 | D31: 0.0476 | E31: 跌停
A32: 45596 | B32: 中科金财 | C32: 放量快速换手 | D32: -0.04 | E32: 涨停 | F32: -0.0251 | G32: -0.0776 | H32: 0.0284 | I32: 0.1 | J32: =(1+I32)*J30 -> 1.4644759 | K32: 0.1 | L32: =(1+K32)*L30 -> 1.4644759 | Q32: =S32/R32 -> 0.066037736 | R32: =VLOOKUP(INDIRECT("A"&ROW()),收益表!$A$16:$U$10014,20,0) -> 212 | S32: =VLOOKUP(INDIRECT("A"&ROW()),收益表!$A$16:$U$10014,21,0) -> 14
A33: 45597 | B33: 汇绿生态 | C33: 一字板 | D33: 0.0026 | E33: -0.0696 | F33: 0.0042 | G33: 0.0239 | H33: -0.011 | I33: -0.0696 | J33: =(1+I33)*J32 -> 1.3625484 | K33: -0.0696 | L33: =(1+K33)*L32 -> 1.3625484
A34: 45600 | B34: 江南高纤 | C34: 一字板 | D34: 0.0094 | E34: -0.0837 | F34: 0.066 | G34: 0.0095 | H34: 0.0519 | I34: 0.0081 | J34: =(1+I34)*J33 -> 1.373585 | Q34: =S34/R34 -> 0.2311828 | R34: =VLOOKUP(INDIRECT("A"&ROW()),收益表!$A$16:$U$10014,20,0) -> 186 | S34: =VLOOKUP(INDIRECT("A"&ROW()),收益表!$A$16:$U$10014,21,0) -> 43
B35: 精伦电子 | C35: 一字板 | D35: -0.0637 | E35: 涨停 | F35: 0.0179 | G35: 涨停 | H35: -0.0196
B36: 常山北明 | C36: 低预期快速换手板 | D36: -0.0999 | E36: 涨停
A37: 45601 | B37: 森特股份 | C37: 连扳一字 | D37: 0.0258 | E37: 涨停 | Q37: =S37/R37 -> 0.0091743119 | R37: =VLOOKUP(INDIRECT("A"&ROW()),收益表!$A$16:$U$10014,20,0) -> 218 | S37: =VLOOKUP(INDIRECT("A"&ROW()),收益表!$A$16:$U$10014,21,0) -> 2
A38: 45602 | B38: 剑桥科技 | C38: 低预期快速换手板 | D38: 0.028 | E38: 0.0011 | Q38: =S38/R38 -> 0.038674033 | R38: =VLOOKUP(INDIRECT("A"&ROW()),收益表!$A$16:$U$10014,20,0) -> 181 | S38: =VLOOKUP(INDIRECT("A"&ROW()),收益表!$A$16:$U$10014,21,0) -> 7
A39: 45603 | B39: 五矿资本 | C39: 低预期快速换手板 | D39: -0.0225 | E39: 0.0126 | I39: 0.1 | J39: =(1+I39)*J34 -> 1.5109435 | K39: 0.1 | L39: =(1+K39)*L33 -> 1.4988032 | Q39: =S39/R39 -> 0.042918455 | R39: =VLOOKUP(INDIRECT("A"&ROW()),收益表!$A$16:$U$10014,20,0) -> 233 | S39: =VLOOKUP(INDIRECT("A"&ROW()),收益表!$A$16:$U$10014,21,0) -> 10
B40: 新力金融 | C40: 一字板 | D40: 0.0193 | E40: 涨停 | F40: 跌停 | G40: -0.0328 | H40: -0.0254
A41: 45604 | B41: 中信海直 | C41: 放量T字 | D41: 0.0213 | E41: 7.92%(炸板) | I41: 0.09 | J41: =(1+I41)*J39 -> 1.6469284 | K41: 0.09 | L41: =(1+K41)*L39 -> 1.6336955 | Q41: =S41/R41 -> 0.038709677 | R41: =VLOOKUP(INDIRECT("A"&ROW()),收益表!$A$16:$U$10014,20,0) -> 155 | S41: =VLOOKUP(INDIRECT("A"&ROW()),收益表!$A$16:$U$10014,21,0) -> 6
B42: 利君股份 | C42: 一字板 | D42: -0.0492 | E42: 涨停 | F42: 4.08%(炸板) | G42: 跌停 | H42: -0.0119
B43: 炼石航空 | C43: 低预期快速换手板 | D43: -0.0446 | E43: 0.026
A44: 45607 | B44: 东方集团 | C44: 低预期快速换手板 | D44: -0.0029 | E44: -0.0944 | I44: 0.0054 | J44: =(1+I44)*J41 -> 1.6558218 | K44: 0.0054 | L44: =(1+K44)*L41 -> 1.6425174 | Q44: =S44/R44 -> 0.089201878 | R44: =VLOOKUP(INDIRECT("A"&ROW()),收益表!$A$16:$U$10014,20,0) -> 213 | S44: =VLOOKUP(INDIRECT("A"&ROW()),收益表!$A$16:$U$10014,21,0) -> 19
B45: 东北制药 | C45: 连扳一字 | D45: -0.0423 | E45: -0.0204
B46: 省广集团 | C46: 一字板 | D46: -0.0449 | E46: 0.0054 | F46: -0.0521 | G46: 涨停
B47: 金鸿顺 | C47: 连扳一字 | D47: -0.0147 | E47: 跌停
A48: 45608 | B48: 远达环保 | C48: 快速换手板 | D48: 0.0674 | E48: 涨停 | F48: -0.0886 | G48: -0.0201 | H48: -0.039 | I48: 0.1 | J48: =(1+I48)*J44 -> 1.821404 | K48: 0.1 | L48: =(1+K48)*L44 -> 1.8067692 | Q48: =S48/R48 -> 0.17699115 | R48: =VLOOKUP(INDIRECT("A"&ROW()),收益表!$A$16:$U$10014,20,0) -> 113 | S48: =VLOOKUP(INDIRECT("A"&ROW()),收益表!$A$16:$U$10014,21,0) -> 20
B49: 中国软件 | C49: 低预期快速换手板 | D49: 0.0024 | E49: 0.0506
A50: 45609 | B50: 威星智能 | C50: 一字板 | D50: 0.0913 | E50: 跌停 | F50: 炸板 | I50: -0.018 | J50: =(1+I50)*J48 -> 1.7886187 | Q50: =S50/R50 -> 0.28089888 | R50: =VLOOKUP(INDIRECT("A"&ROW()),收益表!$A$16:$U$10014,20,0) -> 89 | S50: =VLOOKUP(INDIRECT("A"&ROW()),收益表!$A$16:$U$10014,21,0) -> 25
B51: 利源股份 | C51: 低预期快速换手板 | D51: 0.0971 | E51: 跌停
B52: 爱旭股份 | C52: 低预期快速换手板 | D52: 0.0522 | E52: 0.0098
B53: 大港股份 | C53: 微快速换手板 | D53: 0.0235 | E53: -0.0508
B54: 中国卫通 | C54: 一字板 | D54: 0.0421 | E54: 涨停 | F54: 跌停 | G54: -0.0829 | H54: -0.0771
B55: 百傲化学 | C55: 微快速换手板 | D55: -0.0594 | E55: -0.012
B56: 中电兴发 | C56: 一字板 | D56: -0.0569 | E56: -0.0318 | F56: -0.0467 | G56: -0.0181 | H56: -0.0462
A57: 45610 | B57: 东华软件 | C57: 连扳一字 | D57: 0.0667 | E57: 跌停 | I57: -0.1 | J57: =(1+I57)*J50 -> 1.6097569 | Q57: =S57/R57 -> 0.44827586 | R57: =VLOOKUP(INDIRECT("A"&ROW()),收益表!$A$16:$U$10014,20,0) -> 58 | S57: =VLOOKUP(INDIRECT("A"&ROW()),收益表!$A$16:$U$10014,21,0) -> 26
B58: 威领股份 | C58: 缩量T字 | D58: 0.0347 | E58: 跌停 | F58: -0.0792 | G58: -0.0296 | H58: 涨停
B59: 东风股份 | C59: 连扳一字 | D59: 0.0048 | E59: -0.0883
A60: 45611 | Q60: =S60/R60 -> 0.66666667 | R60: =VLOOKUP(INDIRECT("A"&ROW()),收益表!$A$16:$U$10014,20,0) -> 81 | S60: =VLOOKUP(INDIRECT("A"&ROW()),收益表!$A$16:$U$10014,21,0) -> 54
A61: 45614 | B61: 世荣兆业 | C61: 一字板 | D61: -0.0035 | E61: 涨停 | F61: 跌停 | G61: -0.0186 | H61: -0.0285 | I61: 0.1 | J61: =(1+I61)*J57 -> 1.7707325 | Q61: =S61/R61 -> 0.67901235 | R61: =VLOOKUP(INDIRECT("A"&ROW()),收益表!$A$16:$U$10014,20,0) -> 81 | S61: =VLOOKUP(INDIRECT("A"&ROW()),收益表!$A$16:$U$10014,21,0) -> 55
A62: 45615 | Q62: =S62/R62 -> 0.12631579 | R62: =VLOOKUP(INDIRECT("A"&ROW()),收益表!$A$16:$U$10014,20,0) -> 95 | S62: =VLOOKUP(INDIRECT("A"&ROW()),收益表!$A$16:$U$10014,21,0) -> 12
A63: 45616 | B63: 中储股份 | C63: 一字板 | D63: 0.0233 | E63: -0.0298 | F63: -0.0586 | G63: 炸板 | I63: -0.0298 | J63: =(1+I63)*J61 -> 1.7179647 | K63: -0.0298 | L63: =(1+K63)*L48 -> 1.7529275 | Q63: =S63/R63 -> 0.013245033 | R63: =VLOOKUP(INDIRECT("A"&ROW()),收益表!$A$16:$U$10014,20,0) -> 151 | S63: =VLOOKUP(INDIRECT("A"&ROW()),收益表!$A$16:$U$10014,21,0) -> 2
A64: 45617 | B64: 长春一东 | C64: 低预期快速换手板 | D64: 0.0478 | E64: -0.021 | Q64: =S64/R64 -> 0.028571429 | R64: =VLOOKUP(INDIRECT("A"&ROW()),收益表!$A$16:$U$10014,20,0) -> 105 | S64: =VLOOKUP(INDIRECT("A"&ROW()),收益表!$A$16:$U$10014,21,0) -> 3
A65: 45618 | B65: 武汉凡谷 | C65: 低预期快速换手板 | D65: -0.0391 | E65: -0.0303 | I65: -0.041 | J65: =(1+I65)*J63 -> 1.6475282 | K65: -0.041 | L65: =(1+K65)*L48 -> 1.7326916 | Q65: =S65/R65 -> 0.085714286 | R65: =VLOOKUP(INDIRECT("A"&ROW()),收益表!$A$16:$U$10014,20,0) -> 70 | S65: =VLOOKUP(INDIRECT("A"&ROW()),收益表!$A$16:$U$10014,21,0) -> 6
B66: 柯力传感 | C66: 低预期快速换手板 | D66: -0.0123 | E66: 0.0164
B67: 威领股份 | C67: T字板 | D67: -0.0547 | E67: -0.041 | F67: 涨停
A68: 45621 | B68: 日出东方 | C68: T字板 | D68: 0.0895 | E68: 涨停 | F68: 6.51%(炸板) | G68: 涨停 | H68: 7.9%(炸板) | I68: 0.1 | J68: =(1+I68)*J65 -> 1.812281 | K68: 0.1 | L68: =(1+K68)*L65 -> 1.9059608 | Q68: =S68/R68 -> 0.045454545 | R68: =VLOOKUP(INDIRECT("A"&ROW()),收益表!$A$16:$U$10014,20,0) -> 154 | S68: =VLOOKUP(INDIRECT("A"&ROW()),收益表!$A$16:$U$10014,21,0) -> 7
B69: 三维化学 | C69: 一字板 | D69: 0.0779 | E69: 涨停 | F69: 涨停 | G69: 7.79%(炸板) | H69: 涨停
A70: 45622 | Q70: =S70/R70 -> 0.61320755 | R70: =VLOOKUP(INDIRECT("A"&ROW()),收益表!$A$16:$U$10014,20,0) -> 106 | S70: =VLOOKUP(INDIRECT("A"&ROW()),收益表!$A$16:$U$10014,21,0) -> 65
A71: 45623 | B71: 返利科技 | C71: 快速换手板 | D71: -0.0946 | E71: -0.0627 | F71: -0.0097 | G71: -0.0014 | H71: 0.0451 | I71: =AVERAGE(E71,E72,E74) -> -0.026366667 | J71: =(1+I71)*J68 -> 1.7644972 | Q71: =S71/R71 -> 0.2037037 | R71: =VLOOKUP(INDIRECT("A"&ROW()),收益表!$A$16:$U$10014,20,0) -> 108 | S71: =VLOOKUP(INDIRECT("A"&ROW()),收益表!$A$16:$U$10014,21,0) -> 22
B72: 南京熊猫 | C72: 一字板 | D72: -0.0477 | E72: -0.0371 | F72: -0.0421 | G72: 涨停
B73: 东港股份 | C73: 连扳一字 | D73: -0.0886 | E73: -0.0233
B74: 柏诚股份 | C74: 一字板 | D74: -0.0958 | E74: 0.0207 | F74: -0.0515 | G74: 0.0197 | H74: 0.031
A75: 45624 | B75: 星光股份 | C75: 一字板 | D75: -0.0469 | E75: 涨停 | F75: -0.0485 | G75: 涨停 | H75: 0.0249 | I75: 0.1 | J75: =(1+I75)*J71 -> 1.9409469 | K75: 0.1 | L75: =(1+K75)*L68 -> 2.0965569 | Q75: =S75/R75 -> 0.061946903 | R75: =VLOOKUP(INDIRECT("A"&ROW()),收益表!$A$16:$U$10014,20,0) -> 113 | S75: =VLOOKUP(INDIRECT("A"&ROW()),收益表!$A$16:$U$10014,21,0) -> 7
B76: 高乐股份 | C76: 连扳一字 | D76: 0.0785 | E76: -0.0229
B77: 龙蟠科技 | C77: 连扳一字 | D77: 0.0786 | E77: 0.0812
B78: 南京商旅 | C78: 连扳一字 | D78: =-6.14% -> -0.0614 | E78: -0.0543
A79: 45625 | B79: 淳中科技 | C79: 其它 | D79: -0.0487 | E79: 0.0402 | Q79: =S79/R79 -> 0.076388889 | R79: =VLOOKUP(INDIRECT("A"&ROW()),收益表!$A$16:$U$10014,20,0) -> 144 | S79: =VLOOKUP(INDIRECT("A"&ROW()),收益表!$A$16:$U$10014,21,0) -> 11
A80: 45628 | B80: 实益达 | C80: 一字板 | D80: -0.0471 | E80: 涨停 | F80: -5.22%(炸板) | G80: 0.0244 | H80: -0.0401 | I80: 0.1 | J80: =(1+I80)*J75 -> 2.1350416 | K80: 0.1 | L80: =(1+K80)*L75 -> 2.3062126 | Q80: =S80/R80 -> 0.032432432 | R80: =VLOOKUP(INDIRECT("A"&ROW()),收益表!$A$16:$U$10014,20,0) -> 185 | S80: =VLOOKUP(INDIRECT("A"&ROW()),收益表!$A$16:$U$10014,21,0) -> 6
A81: 45629 | Q81: =S81/R81 -> 0.044776119 | R81: =VLOOKUP(INDIRECT("A"&ROW()),收益表!$A$16:$U$10014,20,0) -> 134 | S81: =VLOOKUP(INDIRECT("A"&ROW()),收益表!$A$16:$U$10014,21,0) -> 6
A82: 45630 | B82: 永辉超市 | C82: 低预期快速换手板 | D82: 0.0704 | E82: 涨停 | I82: 0.1 | J82: =(1+I82)*J80 -> 2.3485457 | K82: 0.1 | L82: =(1+K82)*L80 -> 2.5368338 | Q82: =S82/R82 -> 0.19587629 | R82: =VLOOKUP(INDIRECT("A"&ROW()),收益表!$A$16:$U$10014,20,0) -> 97 | S82: =VLOOKUP(INDIRECT("A"&ROW()),收益表!$A$16:$U$10014,21,0) -> 19
B83: 远达环保 | C83: 微快速换手板 | D83: 0.0557 | E83: -0.05
B84: 真爱美家 | C84: 一字板 | D84: 0.0609 | E84: 涨停 | F84: 涨停 | G84: -0.0797 | H84: 跌停
B85: 快意电梯 | C85: 连扳一字 | D85: -0.024 | E85: -0.0924
A86: 45631 | B86: 光华科技 | C86: 一字板 | D86: -0.0517 | E86: 0.0316 | F86: 涨停 | I86: =AVERAGE(E86:E87) -> 0.0188 | J86: =(1+I86)*J82 -> 2.3926984 | Q86: =S86/R86 -> 0.077464789 | R86: =VLOOKUP(INDIRECT("A"&ROW()),收益表!$A$16:$U$10014,20,0) -> 142 | S86: =VLOOKUP(INDIRECT("A"&ROW()),收益表!$A$16:$U$10014,21,0) -> 11
B87: 海南瑞泽 | C87: 一字板 | D87: -0.0538 | E87: 0.006
B88: 东易日盛 | C88: 微快速换手板 | D88: -0.0528 | E88: 涨停
B89: 欣龙控股 | C89: 连扳一字 | D89: -0.0604 | E89: 涨停
A90: 45632 | B90: 宏昌电子 | C90: 一字板 | D90: -0.0629 | E90: 涨停 | F90: 跌停 | G90: -0.0573 | H90: 0.016 | I90: 0.0121 | J90: =(1+I90)*J86 -> 2.42165 | K90: 0.0121 | L90: =(1+K90)*L82 -> 2.5675295 | Q90: =S90/R90 -> 0.044776119 | R90: =VLOOKUP(INDIRECT("A"&ROW()),收益表!$A$16:$U$10014,20,0) -> 134 | S90: =VLOOKUP(INDIRECT("A"&ROW()),收益表!$A$16:$U$10014,21,0) -> 6
B91: 亚威股份 | C91: 一字板 | D91: -0.0246 | E91: -0.0757 | F91: -0.0176 | G91: 0.0129 | H91: 0.0157
A92: 45635 | B92: 奋达科技 | C92: 微快速换手板 | D92: 0.0247 | E92: 涨停 | I92: 0.1 | J92: =(1+I92)*J90 -> 2.663815 | K92: 0.1 | L92: =(1+K92)*L90 -> 2.8242825 | Q92: =S92/R92 -> 0.22881356 | R92: =VLOOKUP(INDIRECT("A"&ROW()),收益表!$A$16:$U$10014,20,0) -> 118 | S92: =VLOOKUP(INDIRECT("A"&ROW()),收益表!$A$16:$U$10014,21,0) -> 27
B93: 宁波精达 | C93: 快速换手板 | D93: -0.0566 | E93: 涨停 | F93: 涨停 | G93: 涨停 | H93: 跌停
B94: 统一股份 | C94: 低预期快速换手板 | D94: -0.0721 | E94: -0.046
A95: 45636 | B95: 雅博股份 | C95: 快速换手板 | D95: -0.048 | E95: -0.0229 | F95: 涨停 | I95: 0.0283 | J95: =(1+I95)*J92 -> 2.739201 | Q95: =S95/R95 -> 0.050420168 | R95: =VLOOKUP(INDIRECT("A"&ROW()),收益表!$A$16:$U$10014,20,0) -> 119 | S95: =VLOOKUP(INDIRECT("A"&ROW()),收益表!$A$16:$U$10014,21,0) -> 6
B96: 中公教育 | C96: 微快速换手板 | D96: 0.0123 | E96: -0.0389
B97: 文峰股份 | C97: 一字板 | D97: -0.0533 | E97: 涨停 | F97: 涨停 | G97: 涨停 | H97: 0
B98: 东易日盛 | C98: 快速换手板 | D98: 0.0099 | E98: -0.0408 | F98: -0.0255 | G98: 0.0297 | H98: 炸板
B99: 多伦科技 | C99: 一字板 | D99: -0.0629 | E99: 0.0346 | F99: -0.0334 | G99: 0.044 | H99: -0.0321
B100: 全筑股份 | C100: 一字板 | D100: 0.0138 | E100: 7.07%(炸板)
A101: 45637 | B101: 正平股份 | C101: T字板 | D101: -0.026 | E101: 0.032 | F101: 炸板 | I101: 0.032 | J101: =(1+I101)*J95 -> 2.8268554 | K101: 0.032 | L101: =(1+K101)*L92 -> 2.9146595 | Q101: =S101/R101 -> 0.070512821 | R101: =VLOOKUP(INDIRECT("A"&ROW()),收益表!$A$16:$U$10014,20,0) -> 156 | S101: =VLOOKUP(INDIRECT("A"&ROW()),收益表!$A$16:$U$10014,21,0) -> 11
...

Sheet 二板补涨放量战法
E1: 月份 | F1: 交易日 | G1: 盈利 | H1: 亏损 | I1: 涨幅 | J1: 实际涨幅 | K1: 月份 | L1: 交易日 | M1: 盈利 | N1: 亏损 | O1: 涨幅 | P1: 实际涨幅
E2: 45658 | F2: =G2+H2 -> 7 | G2: 7 | H2: 0 | I2: 0.8194 | J2: 1.8194 | K2: 46023
E3: 45689 | F3: 1 | G3: 2 | H3: 0 | I3: =J3/J2-1 -> 0.066175662 | J3: 1.9398 | K3: 46054
E4: 45717 | F4: 1 | G4: 1 | H4: 0 | I4: 0.0389 | J4: 2.9398 | K4: 46082
E5: 45748 | K5: 46113
E6: 45778 | K6: 46143
E7: 45809 | K7: 46174
E8: 45839 | K8: 46204
E9: 45870 | K9: 46235
E10: 45901 | K10: 46266
E11: 45931 | K11: 46296
E12: 45962 | K12: 46327
E13: 45992 | K13: 46357
E14: TOTAL | F14: =SUM(F2:F13) -> 9 | G14: =SUM(G2:G13) -> 10 | H14: =SUM(H2:H13) -> 0 | I14: =AVERAGE(I2:I13) -> 0.30815855 | J14: =J3 -> 1.9398 | K14: TOTAL
A16: 日期 | B16: 名称 | C16: D-DAY | D16: DAY-1 | E16: DAY-2 | F16: 模式内交易 | G16: WIN | K16: 涨跌比 | L16: 涨停数 | M16: 跌停数
A17: 45659 | G17: 1 | K17: =M17/L17 -> 0.47761194 | L17: =VLOOKUP(INDIRECT("A"&ROW()),收益表!$A$16:$U$10014,20,0) -> 67 | M17: =VLOOKUP(INDIRECT("A"&ROW()),收益表!$A$16:$U$10014,21,0) -> 32
A18: 45660 | B18: 宝泰隆 | C18: -0.093 | D18: 涨停 | E18: 0.0433 | F18: 0.1 | G18: =(1+F18)*G17 -> 1.1 | H18: 反弹初期 市场风格是高开低走 | K18: =M18/L18 -> 2.0181818 | L18: =VLOOKUP(INDIRECT("A"&ROW()),收益表!$A$16:$U$10014,20,0) -> 55 | M18: =VLOOKUP(INDIRECT("A"&ROW()),收益表!$A$16:$U$10014,21,0) -> 111
B19: 仁智股份 | C19: 0.0047 | D19: 跌停 | E19: -0.0859 | N19: MA5买入不亏
A20: 45663 | B20: 华资实业 | C20: 跌停 | D20: 涨停 | E20: 0.0438 | F20: 0.1 | G20: =(1+F20)*G18 -> 1.21 | K20: =M20/L20 -> 1.3382353 | L20: =VLOOKUP(INDIRECT("A"&ROW()),收益表!$A$16:$U$10014,20,0) -> 68 | M20: =VLOOKUP(INDIRECT("A"&ROW()),收益表!$A$16:$U$10014,21,0) -> 91
A21: 45664 | B21: 美邦服饰 | C21: -0.0163 | D21: 涨停 | E21: -1.5%(炸板) | F21: 0.1 | G21: =(1+F21)*G20 -> 1.331 | K21: =M21/L21 -> 0.17307692 | L21: =VLOOKUP(INDIRECT("A"&ROW()),收益表!$A$16:$U$10014,20,0) -> 104 | M21: =VLOOKUP(INDIRECT("A"&ROW()),收益表!$A$16:$U$10014,21,0) -> 18
B22: 益民集团 | C22: 0.0314 | D22: 跌停 | E22: 涨停 | N22: 离MA5太远，DAY-1不适合买入
A23: 45665 | B23: 永茂泰 | C23: 0.0291 | D23: 跌停 | E23: -0.0531 | K23: =M23/L23 -> 0.12162162 | L23: =VLOOKUP(INDIRECT("A"&ROW()),收益表!$A$16:$U$10014,20,0) -> 74 | M23: =VLOOKUP(INDIRECT("A"&ROW()),收益表!$A$16:$U$10014,21,0) -> 9 | N23: 离MA5有段距离，D-DAY量太大，不适合买入
B24: 哈药股份 | C24: -0.0677 | D24: 0.0726 | E24: -0.0698 | N24: MA5线时可买入
B25: 氯碱化工 | C25: -0.0184 | D25: -0.0238 | E25: -0.02 | N25: MA5线时可买入
B26: 葫芦娃 | C26: 0.0166 | D26: 0.0225 | E26: -0.0515 | N26: MA5线时可买入
B27: 宝鼎科技 | C27: -0.0383 | D27: -0.0607 | E27: 涨停 | N27: MA5线时可买入
A28: 45666 | B28: 柘中股份 | K28: =M28/L28 -> 0.11340206 | L28: =VLOOKUP(INDIRECT("A"&ROW()),收益表!$A$16:$U$10014,20,0) -> 97 | M28: =VLOOKUP(INDIRECT("A"&ROW()),收益表!$A$16:$U$10014,21,0) -> 11
B29: 动力源 | C29: -0.0222 | D29: -0.0373 | N29: MA5线时可买入
B30: 惠而浦
A31: 45667 | B31: 汇洲智能 | C31: -0.0209 | D31: 0.088 | K31: =M31/L31 -> 1.1818182 | L31: =VLOOKUP(INDIRECT("A"&ROW()),收益表!$A$16:$U$10014,20,0) -> 44 | M31: =VLOOKUP(INDIRECT("A"&ROW()),收益表!$A$16:$U$10014,21,0) -> 52 | N31: 离MA5线时可买入
B32: 东方智造 | C32: -0.019 | D32: 0.0133
B33: 顺钠股份 | C33: -6.1%(炸板) | D33: 跌停 | E33: 跌停 | N33: 炸板不适合买入
B34: 瑞芯微 | C34: 0.0845 | D34: -0.0131 | E34: -0.0473 | N34: 炸板不适合买入
A35: 45670 | B35: 神雾节能 | C35: -0.09 | D35: 涨停 | E35: 0.0566 | F35: 0.1 | G35: =(1+F35)*G21 -> 1.4641 | K35: =M35/L35 -> 0.78846154 | L35: =VLOOKUP(INDIRECT("A"&ROW()),收益表!$A$16:$U$10014,20,0) -> 52 | M35: =VLOOKUP(INDIRECT("A"&ROW()),收益表!$A$16:$U$10014,21,0) -> 41
B36: 远程股份 | C36: -0.0876 | D36: 涨停 | E36: 0.0213
B37: 日海智能 | C37: -0.094 | D37: 涨停 | E37: 0.0318
A38: 45671 | B38: 德力股份 | C38: 跌停 | D38: 0.0377 | E38: 跌停 | F38: 0.027 | G38: =(1+F38)*G35 -> 1.5036307 | K38: =M38/L38 -> 0.01910828 | L38: =VLOOKUP(INDIRECT("A"&ROW()),收益表!$A$16:$U$10014,20,0) -> 157 | M38: =VLOOKUP(INDIRECT("A"&ROW()),收益表!$A$16:$U$10014,21,0) -> 3
B39: 郑中设计 | C39: -0.0918 | D39: 0.0146 | E39: 涨停
A40: 45672 | K40: =M40/L40 -> 0.12345679 | L40: =VLOOKUP(INDIRECT("A"&ROW()),收益表!$A$16:$U$10014,20,0) -> 81 | M40: =VLOOKUP(INDIRECT("A"&ROW()),收益表!$A$16:$U$10014,21,0) -> 10
A41: 45673 | B41: 大连友谊 | C41: 0.0518 | D41: 0.0231 | E41: -0.012 | K41: =M41/L41 -> 0.083333333 | L41: =VLOOKUP(INDIRECT("A"&ROW()),收益表!$A$16:$U$10014,20,0) -> 84 | M41: =VLOOKUP(INDIRECT("A"&ROW()),收益表!$A$16:$U$10014,21,0) -> 7
A42: 45674 | B42: 巨轮智能 | C42: -0.015 | D42: 涨停 | E42: -0.026 | K42: =M42/L42 -> 0.24615385 | L42: =VLOOKUP(INDIRECT("A"&ROW()),收益表!$A$16:$U$10014,20,0) -> 65 | M42: =VLOOKUP(INDIRECT("A"&ROW()),收益表!$A$16:$U$10014,21,0) -> 16
A43: 45677 | B43: 汇鸿集团 | C43: -4.04 | D43: 涨停 | E43: -0.0501 | K43: =M43/L43 -> 0.325 | L43: =VLOOKUP(INDIRECT("A"&ROW()),收益表!$A$16:$U$10014,20,0) -> 80 | M43: =VLOOKUP(INDIRECT("A"&ROW()),收益表!$A$16:$U$10014,21,0) -> 26
B44: 好想你 | C44: -0.0755 | D44: -0.0733 | E44: 涨停
B45: 博通集成 | C45: -0.0908 | D45: 0.0256 | E45: 涨停
A46: 45678 | K46: =M46/L46 -> 0.51923077 | L46: =VLOOKUP(INDIRECT("A"&ROW()),收益表!$A$16:$U$10014,20,0) -> 52 | M46: =VLOOKUP(INDIRECT("A"&ROW()),收益表!$A$16:$U$10014,21,0) -> 27
A47: 45679 | K47: =M47/L47 -> 0.54166667 | L47: =VLOOKUP(INDIRECT("A"&ROW()),收益表!$A$16:$U$10014,20,0) -> 48 | M47: =VLOOKUP(INDIRECT("A"&ROW()),收益表!$A$16:$U$10014,21,0) -> 26
A48: 45680 | B48: 好利科技 | C48: -0.0647 | D48: 涨停 | E48: -2.33%(水上) | F48: 0.1 | G48: =(1+F48)*G38 -> 1.6539938 | K48: =M48/L48 -> 0.63043478 | L48: =VLOOKUP(INDIRECT("A"&ROW()),收益表!$A$16:$U$10014,20,0) -> 46 | M48: =VLOOKUP(INDIRECT("A"&ROW()),收益表!$A$16:$U$10014,21,0) -> 29
A49: 45681 | B49: 中化装备 | K49: =M49/L49 -> 0.39189189 | L49: =VLOOKUP(INDIRECT("A"&ROW()),收益表!$A$16:$U$10014,20,0) -> 74 | M49: =VLOOKUP(INDIRECT("A"&ROW()),收益表!$A$16:$U$10014,21,0) -> 29
B50: 长华集团
A51: 45684 | B51: 友邦吊顶 | C51: 跌停 | D51: 涨停 | E51: -0.0136 | F51: 0.1 | G51: =(1+F51)*G48 -> 1.8193931 | K51: =M51/L51 -> 1.0666667 | L51: =VLOOKUP(INDIRECT("A"&ROW()),收益表!$A$16:$U$10014,20,0) -> 45 | M51: =VLOOKUP(INDIRECT("A"&ROW()),收益表!$A$16:$U$10014,21,0) -> 48
A52: 45693 | H52: 趋势初期 比起反包做趋势性价比更高 | K52: =M52/L52 -> 0.54216867 | L52: =VLOOKUP(INDIRECT("A"&ROW()),收益表!$A$16:$U$10014,20,0) -> 83 | M52: =VLOOKUP(INDIRECT("A"&ROW()),收益表!$A$16:$U$10014,21,0) -> 45
A53: 45694 | B53: 金财互联 | K53: =M53/L53 -> 0.03960396 | L53: =VLOOKUP(INDIRECT("A"&ROW()),收益表!$A$16:$U$10014,20,0) -> 101 | M53: =VLOOKUP(INDIRECT("A"&ROW()),收益表!$A$16:$U$10014,21,0) -> 4
A54: 45695 | B54: 济高发展 | K54: =M54/L54 -> 0.021505376 | L54: =VLOOKUP(INDIRECT("A"&ROW()),收益表!$A$16:$U$10014,20,0) -> 93 | M54: =VLOOKUP(INDIRECT("A"&ROW()),收益表!$A$16:$U$10014,21,0) -> 2
A55: 45698 | K55: =M55/L55 -> 0.014285714 | L55: =VLOOKUP(INDIRECT("A"&ROW()),收益表!$A$16:$U$10014,20,0) -> 140 | M55: =VLOOKUP(INDIRECT("A"&ROW()),收益表!$A$16:$U$10014,21,0) -> 2
A56: 45699 | B56: 雷柏科技 | K56: =M56/L56 -> 0.023809524 | L56: =VLOOKUP(INDIRECT("A"&ROW()),收益表!$A$16:$U$10014,20,0) -> 84 | M56: =VLOOKUP(INDIRECT("A"&ROW()),收益表!$A$16:$U$10014,21,0) -> 2
A57: 45700 | B57: 塞力医疗 | K57: =M57/L57 -> 0.021052632 | L57: =VLOOKUP(INDIRECT("A"&ROW()),收益表!$A$16:$U$10014,20,0) -> 95 | M57: =VLOOKUP(INDIRECT("A"&ROW()),收益表!$A$16:$U$10014,21,0) -> 2
A58: 45701 | B58: 皇庭国际 | K58: =M58/L58 -> 0.094594595 | L58: =VLOOKUP(INDIRECT("A"&ROW()),收益表!$A$16:$U$10014,20,0) -> 74 | M58: =VLOOKUP(INDIRECT("A"&ROW()),收益表!$A$16:$U$10014,21,0) -> 7
B59: 创兴资源
B60: 金帝股份
A61: 45702 | B61: 华数传媒 | K61: =M61/L61 -> 0.10344828 | L61: =VLOOKUP(INDIRECT("A"&ROW()),收益表!$A$16:$U$10014,20,0) -> 87 | M61: =VLOOKUP(INDIRECT("A"&ROW()),收益表!$A$16:$U$10014,21,0) -> 9
B62: 福莱新材
A63: 45705 | B63: 浙文互联 | K63: =M63/L63 -> 0.061403509 | L63: =VLOOKUP(INDIRECT("A"&ROW()),收益表!$A$16:$U$10014,20,0) -> 114 | M63: =VLOOKUP(INDIRECT("A"&ROW()),收益表!$A$16:$U$10014,21,0) -> 7
A64: 45706 | B64: 南威软件 | K64: =M64/L64 -> 0.39622642 | L64: =VLOOKUP(INDIRECT("A"&ROW()),收益表!$A$16:$U$10014,20,0) -> 53 | M64: =VLOOKUP(INDIRECT("A"&ROW()),收益表!$A$16:$U$10014,21,0) -> 21
A65: 45707 | B65: 皓宸医疗 | K65: =M65/L65 -> 0.033333333 | L65: =VLOOKUP(INDIRECT("A"&ROW()),收益表!$A$16:$U$10014,20,0) -> 120 | M65: =VLOOKUP(INDIRECT("A"&ROW()),收益表!$A$16:$U$10014,21,0) -> 4
A66: 45708 | B66: 盈峰环境 | K66: =M66/L66 -> 0.0093457944 | L66: =VLOOKUP(INDIRECT("A"&ROW()),收益表!$A$16:$U$10014,20,0) -> 107 | M66: =VLOOKUP(INDIRECT("A"&ROW()),收益表!$A$16:$U$10014,21,0) -> 1
B67: 京能热力
B68: 南兴股份
A69: 45709 | B69: 北方国际 | K69: =M69/L69 -> 0.033613445 | L69: =VLOOKUP(INDIRECT("A"&ROW()),收益表!$A$16:$U$10014,20,0) -> 119 | M69: =VLOOKUP(INDIRECT("A"&ROW()),收益表!$A$16:$U$10014,21,0) -> 4
B70: 地铁设计
A71: 45712 | B71: 首开股份 | G71: =(1+F71)*G53 -> 0 | K71: =M71/L71 -> 0.1978022 | L71: =VLOOKUP(INDIRECT("A"&ROW()),收益表!$A$16:$U$10014,20,0) -> 91 | M71: =VLOOKUP(INDIRECT("A"&ROW()),收益表!$A$16:$U$10014,21,0) -> 18
B72: 国际医学
B73: 福鞍股份
A74: 45713 | B74: 川润股份 | K74: =M74/L74 -> 0.10769231 | L74: =VLOOKUP(INDIRECT("A"&ROW()),收益表!$A$16:$U$10014,20,0) -> 65 | M74: =VLOOKUP(INDIRECT("A"&ROW()),收益表!$A$16:$U$10014,21,0) -> 7
A75: 45714 | B75: 科华数据 | K75: =M75/L75 -> 0.027777778 | L75: =VLOOKUP(INDIRECT("A"&ROW()),收益表!$A$16:$U$10014,20,0) -> 108 | M75: =VLOOKUP(INDIRECT("A"&ROW()),收益表!$A$16:$U$10014,21,0) -> 3
A76: 45715 | B76: 天成自控 | K76: =M76/L76 -> 0.13333333 | L76: =VLOOKUP(INDIRECT("A"&ROW()),收益表!$A$16:$U$10014,20,0) -> 90 | M76: =VLOOKUP(INDIRECT("A"&ROW()),收益表!$A$16:$U$10014,21,0) -> 12
A77: 45716 | B77: 精伦电子 | K77: =M77/L77 -> 0.83928571 | L77: =VLOOKUP(INDIRECT("A"&ROW()),收益表!$A$16:$U$10014,20,0) -> 56 | M77: =VLOOKUP(INDIRECT("A"&ROW()),收益表!$A$16:$U$10014,21,0) -> 47
B78: 科森科技
A79: 45719 | K79: =M79/L79 -> 0.48571429 | L79: =VLOOKUP(INDIRECT("A"&ROW()),收益表!$A$16:$U$10014,20,0) -> 70 | M79: =VLOOKUP(INDIRECT("A"&ROW()),收益表!$A$16:$U$10014,21,0) -> 34
A80: 45720 | B80: 东百集团
B81: 海南椰岛 | C81: -0.084 | D81: 0.0389 | E81: -0.0479 | F81: 0.0389 | G81: =(1+F81)*G71 -> 0 | K81: =M81/L81 -> #N/A | L81: =VLOOKUP(INDIRECT("A"&ROW()),收益表!$A$16:$U$10014,20,0) -> #N/A | M81: =VLOOKUP(INDIRECT("A"&ROW()),收益表!$A$16:$U$10014,21,0) -> #N/A
A82: 45721 | K82: =M82/L82 -> 0.085714286 | L82: =VLOOKUP(INDIRECT("A"&ROW()),收益表!$A$16:$U$10014,20,0) -> 70 | M82: =VLOOKUP(INDIRECT("A"&ROW()),收益表!$A$16:$U$10014,21,0) -> 6
A83: 45722 | K83: =M83/L83 -> 0.042372881 | L83: =VLOOKUP(INDIRECT("A"&ROW()),收益表!$A$16:$U$10014,20,0) -> 118 | M83: =VLOOKUP(INDIRECT("A"&ROW()),收益表!$A$16:$U$10014,21,0) -> 5
A84: 45723 | B84: 华钰矿业 | K84: =M84/L84 -> 0.19354839 | L84: =VLOOKUP(INDIRECT("A"&ROW()),收益表!$A$16:$U$10014,20,0) -> 62 | M84: =VLOOKUP(INDIRECT("A"&ROW()),收益表!$A$16:$U$10014,21,0) -> 12
A85: 45726 | B85: 海航科技 | K85: =M85/L85 -> 0.086021505 | L85: =VLOOKUP(INDIRECT("A"&ROW()),收益表!$A$16:$U$10014,20,0) -> 93 | M85: =VLOOKUP(INDIRECT("A"&ROW()),收益表!$A$16:$U$10014,21,0) -> 8
B86: 杭电股份
B87: 卓翼科技
A88: 45727 | B88: 正和生态 | K88: =M88/L88 -> 0.075757576 | L88: =VLOOKUP(INDIRECT("A"&ROW()),收益表!$A$16:$U$10014,20,0) -> 66 | M88: =VLOOKUP(INDIRECT("A"&ROW()),收益表!$A$16:$U$10014,21,0) -> 5
B89: 金瑞矿业
B90: 光华股份
A91: 45728 | K91: =M91/L91 -> 0.021276596 | L91: =VLOOKUP(INDIRECT("A"&ROW()),收益表!$A$16:$U$10014,20,0) -> 94 | M91: =VLOOKUP(INDIRECT("A"&ROW()),收益表!$A$16:$U$10014,21,0) -> 2
A92: 45729 | B92: 中毅达 | K92: =M92/L92 -> 0.24561404 | L92: =VLOOKUP(INDIRECT("A"&ROW()),收益表!$A$16:$U$10014,20,0) -> 57 | M92: =VLOOKUP(INDIRECT("A"&ROW()),收益表!$A$16:$U$10014,21,0) -> 14
B93: 大位科技
B94: 华丰股份
A95: 45730 | B95: 鸿远电子 | K95: =M95/L95 -> 0.0625 | L95: =VLOOKUP(INDIRECT("A"&ROW()),收益表!$A$16:$U$10014,20,0) -> 96 | M95: =VLOOKUP(INDIRECT("A"&ROW()),收益表!$A$16:$U$10014,21,0) -> 6
A96: 45733 | K96: =M96/L96 -> 0.13095238 | L96: =VLOOKUP(INDIRECT("A"&ROW()),收益表!$A$16:$U$10014,20,0) -> 84 | M96: =VLOOKUP(INDIRECT("A"&ROW()),收益表!$A$16:$U$10014,21,0) -> 11
A97: 45734 | K97: =M97/L97 -> 0.14102564 | L97: =VLOOKUP(INDIRECT("A"&ROW()),收益表!$A$16:$U$10014,20,0) -> 78 | M97: =VLOOKUP(INDIRECT("A"&ROW()),收益表!$A$16:$U$10014,21,0) -> 11
A98: 45735 | B98: 中科云网 | K98: =M98/L98 -> 0.14285714 | L98: =VLOOKUP(INDIRECT("A"&ROW()),收益表!$A$16:$U$10014,20,0) -> 56 | M98: =VLOOKUP(INDIRECT("A"&ROW()),收益表!$A$16:$U$10014,21,0) -> 8
B99: 宁波高发
A100: 45736 | K100: =M100/L100 -> 0.095890411 | L100: =VLOOKUP(INDIRECT("A"&ROW()),收益表!$A$16:$U$10014,20,0) -> 73 | M100: =VLOOKUP(INDIRECT("A"&ROW()),收益表!$A$16:$U$10014,21,0) -> 7
A101: 45737 | B101: 莱绅通灵 | K101: =M101/L101 -> 0.55357143 | L101: =VLOOKUP(INDIRECT("A"&ROW()),收益表!$A$16:$U$10014,20,0) -> 56 | M101: =VLOOKUP(INDIRECT("A"&ROW()),收益表!$A$16:$U$10014,21,0) -> 31
...

Sheet Sheet1
K21: 600679.SH
K22: 600561.SH
E54: 002638.SZ
E55: 002576.SZ
E56: 002523.SZ
E57: 002403.SZ
E58: 002402.SZ
E59: 002400.SZ
E60: 002354.SZ
E61: 002291.SZ
E62: 002277.SZ
E63: 002269.SZ
E64: 002265.SZ
E65: 002235.SZ
... E89: 000520.SZ
